
INSERT INTO 동물병원 VALUES (hospital_seq.nextval,'쿨펫동물병원','대전','042-223-2233','대전광역시 서구 둔산중로 1','0900','2200');
INSERT INTO 동물병원 VALUES (hospital_seq.nextval,'닥터리동물병원','대전','042-274-0365','대전광역시 동구 가오동 644 제이타워','0900','2200');
INSERT INTO 동물병원 VALUES (hospital_seq.nextval,'그레이동물병원','대전','042-719-8275','대전광역시 유성구 노은로 166 계룡프라자','0900','2400');
INSERT INTO 동물병원 VALUES (hospital_seq.nextval,'웰케어동물병원','대전','042-544-2745','대전광역시 서구 관저북로13번길 23-12','0900','2400');
INSERT INTO 동물병원 VALUES (hospital_seq.nextval,'스누피동물병원 ','대전','042-486-8878','대전광역시 서구 문정로 208 ','0900','2300');
INSERT INTO 동물병원 VALUES (hospital_seq.nextval,'늘푸른동물병원','천안','041-579-7582','충청남도 천안시 서북구 쌍용대로 317','0800','2300');
INSERT INTO 동물병원 VALUES (hospital_seq.nextval,'나우동물의료센터','천안','041-555-2575','충청남도 천안시 서북구 동서대로7 이현빌딩','0900','2300');
INSERT INTO 동물병원 VALUES (hospital_seq.nextval,'천안동물의료센터','천안','041-575-5000','충청남도 천안시 서북구 충무로 190 카맨샵','1000','2300');
INSERT INTO 동물병원 VALUES (hospital_seq.nextval,'펫프렌즈동물병원','천안','041-568-7533','충청남도 천안시 서북구 두정로 203','1000','2300');
INSERT INTO 동물병원 VALUES (hospital_seq.nextval,'펫가든','천안','041-556-0075','충청남도 천안시 서북구 성정두정로 1 롯데마트 성정점 ','0900','2200');
INSERT INTO 동물병원 VALUES (hospital_seq.nextval,'열린동물병원','천안','041-564-0075','충청남도 천안시 동남구 신부동 388-2','1000','2300');
INSERT INTO 동물병원 VALUES (hospital_seq.nextval,'청담우리동물병원','서울','02-541-7515','서울특별시 강남구 삼성로 614','0900','2100');
INSERT INTO 동물병원 VALUES (hospital_seq.nextval,'예은동물병원','서울','02-529-5575','서울특별시 강남구 도곡로 189 정금빌딩 ','0900','2100');
INSERT INTO 동물병원 VALUES (hospital_seq.nextval,'라온펫동물의료센터','서울','02-555-2272','서울특별시 강남구 우성아파트11동 11','0800','2200');
INSERT INTO 동물병원 VALUES (hospital_seq.nextval,'스마트 동물병원','서울','02-554-7582','서울특별시 강남구 선릉로 418','0800','2300');
INSERT INTO 동물병원 VALUES (hospital_seq.nextval,'드림동물병원','서울','02-508-7583','서울특별시 강남구 역삼로 234 뉴튼플라자','0900','2100');
INSERT INTO 동물병원 VALUES (hospital_seq.nextval,'봄동물병원','서울','1644-9416','서울특별시 강남구 도곡로 115 거암빌딩','0900','2400');
INSERT INTO 동물병원 VALUES (hospital_seq.nextval,'개포별빛동물병원 ','서울','02-573-7582','서울특별시 강남구 논현로 70 동성빌딩','0900','2100');
INSERT INTO 동물병원 VALUES (hospital_seq.nextval,'래이동물의료센터','서울','02-556-7588','서울특별시 강남구 남부순환로 2911-1','0900','2200');
INSERT INTO 동물병원 VALUES (hospital_seq.nextval,'이리온동물병원','서울','02-1577-6125','서울특별시 강남구 도산대로 445 M빌딩','0800','2200');
INSERT INTO 동물병원 VALUES (hospital_seq.nextval,'그레이스동물병원','서울','02-3442-5554','서울특별시 강남구 학동로6길 18','0800','2300');
INSERT INTO 동물병원 VALUES (hospital_seq.nextval,'청라루비동물병원','인천','032-568-0922','인천광역시 서구 청라루비로134번길 6-4','0800','2300');
INSERT INTO 동물병원 VALUES (hospital_seq.nextval,'24시독스동물병원','인천','032-433-0075','인천광역시 남동구 남동대로 912 유진빌딩','0800','2400');
INSERT INTO 동물병원 VALUES (hospital_seq.nextval,'정서동물병원','인천','032-422-5399','인천광역시 남동구 주안로 234','0900','2000');
INSERT INTO 동물병원 VALUES (hospital_seq.nextval,'24시소래동물병원','인천','032-438-3227','인천광역시 남동구 소래역남로16번길 8-7','0900','2100');
INSERT INTO 동물병원 VALUES (hospital_seq.nextval,'청라라임동물병원','인천','032-563-1900','인천광역시 서구 청라라임로 102','1000','2200');

INSERT INTO 교육코스 (course_id, course_name, edu_dest)
VALUES (course_seq.nextval, '데일리위탁', '전반적으로 돌봄');
INSERT INTO 교육코스 (course_id, course_name, edu_dest)
VALUES (course_seq.nextval, '산책', '지정된 코스로 산책(보호자 동반 가능)');
INSERT INTO 교육코스 (course_id, course_name, edu_dest)
VALUES (course_seq.nextval, '배변훈련', '배변판에 배변을 할 수 있도록 교육');
INSERT INTO 교육코스 (course_id, course_name, edu_dest)
VALUES (course_seq.nextval, '행동교정', '불리불안 해소 등 지정 가능');
INSERT INTO 교육코스 (course_id, course_name, edu_dest)
VALUES (course_seq.nextval, '예절훈련', '반려견으로써 지켜야 할 예절 훈련');
INSERT INTO 교육코스 (course_id, course_name, edu_dest)
VALUES (course_seq.nextval, '사회화교육', '훈육과정을 통한 사회화교육');
INSERT INTO 교육코스 (course_id, course_name, edu_dest)
VALUES (course_seq.nextval, '대회준비', '대회 입상을 위한 준비 코스');

INSERT INTO 유치원 (kind_id,kind_name,kind_pre,kind_add,kind_tel,kind_open,kind_close) VALUES(0,' ',' ',' ',' ',' ',' ');
INSERT INTO 유치원 VALUES(kind_seq.nextval,'퍼피해븐','김정남','천안시 서북구 두정동 902 4층','041-563-2300','1000','2300',10);
INSERT INTO 유치원 VALUES(kind_seq.nextval,'원더우멍','백승복','충청남도 천안시 서북구 오성로 29','010-7525-8894','0900','2300',9);
INSERT INTO 유치원 VALUES(kind_seq.nextval,'똑똑애견카페','오승현','충청남도 천안시 서북구 밤개울1길 1-7','041-523-5187','1100','2400',10);
INSERT INTO 유치원 VALUES(kind_seq.nextval,'땡큐썰','박재영','충청남도 천안시 동남구 청수10길 4-74','010-2421-9524','1000','2200',10);
INSERT INTO 유치원 VALUES(kind_seq.nextval,'petanddogs','조인수','충청남도 천안시 동남구 복자4길 1','041-556-0078','1100','2100',11);
INSERT INTO 유치원 VALUES(kind_seq.nextval,'영심이애견하우스','이태연','대전광역시 서구 관저서로 20 908동','010-8406-8488','0000','2400',4);
INSERT INTO 유치원 VALUES(kind_seq.nextval,'포맨독스','이수정','대전광역시 유성구 관용로 116','010-2236-4004','0900','2000',3);
INSERT INTO 유치원 VALUES(kind_seq.nextval,'그래도사랑해','조인선','대전광역시 서구 월평로 67 3층','010-4415-0456','0900','2300',1);
INSERT INTO 유치원 VALUES(kind_seq.nextval,'아가펫살롱','구자건','대전광역시 서구 갈마로 117번길','042-322-9444','1100','2400',1);
INSERT INTO 유치원 VALUES(kind_seq.nextval,'쓰담쓰담','심재영','대전광역시 동구 한밭대로1254번길 76','010-2356-4156','1000','2100',2);
INSERT INTO 유치원 VALUES(kind_seq.nextval,'봉브라더스','김재훈','서울특별시 강남구 강남대로118길 39 2층','02-548-0888','1000','2300',12);
INSERT INTO 유치원 VALUES(kind_seq.nextval,'더왜그클럽','전병훈','서울특별시 강남구 역삼로 441 시상빌딩 1층','02-554-5999','1100','2200',13);
INSERT INTO 유치원 VALUES(kind_seq.nextval,'해피퍼피','박정태','서울특별시 강남구 논현로134길 5','02-544-0522','1100','2200',14);
INSERT INTO 유치원 VALUES(kind_seq.nextval,'엘리애견호텔','신정한','서울특별시 강남구 테헤란로38길 40','02-558-7050','0000','2400',12);
INSERT INTO 유치원 VALUES(kind_seq.nextval,'똑독하우스','김정현','서울특별시 강남구 봉은사로49길 23','010-3926-6230','0800','2300',13);
INSERT INTO 유치원 VALUES(kind_seq.nextval,'윤앤퍼피','조재원','서울특별시 강남구 삼성로71길 29','010-7170-8775','0900','2100',13);
INSERT INTO 유치원 VALUES(kind_seq.nextval,'이리온','김종수','서울특별시 강남구 도산대로 445 M빌딩','02-157-6125','1000','2200',14);
INSERT INTO 유치원 VALUES(kind_seq.nextval,'퍼피스쿨','백주열','서울특별시 강남구 봉은사로104길 10 동화빌딩','02-554-2010','0900','2300',13);
INSERT INTO 유치원 VALUES(kind_seq.nextval,'아지원','김준혁','서울특별시 강남구 도산대로96길 13','02-540-1955','0900','2200',14);
INSERT INTO 유치원 VALUES(kind_seq.nextval,'다독인더시티','박지수','서울특별시 강남구 논현로101길 10','02-516-9650','0800','2200',14);
INSERT INTO 유치원 VALUES(kind_seq.nextval,'강아지소풍 ','여지환','서울특별시 강남구 논현로24길 39','02-501-0204','0000','2400',14);
INSERT INTO 유치원 VALUES(kind_seq.nextval,'커패개네','조성준','인천광역시 부평구 부평문화로 77','032-361-0744','0900','2100',21);
INSERT INTO 유치원 VALUES(kind_seq.nextval,'카페왈','최경준','인천광역시 서구 중봉대로612번길 10-20','032-568-7757','1000','2300',21);
INSERT INTO 유치원 VALUES(kind_seq.nextval,'도그파티','김희애','인천광역시 남구 주안로 102-1','032-421-3560','1100','2400',22);
INSERT INTO 유치원 VALUES(kind_seq.nextval,'개똥치우는남자','이혜미','인천광역시 남구 주안중로43번길 18','032-432-0957','0800','2400',22);
INSERT INTO 유치원 VALUES(kind_seq.nextval,'인천개공원','김현호','인천광역시 남동구 무네미로 201-15','032-461-6021','1000','2200',22);
INSERT INTO 유치원 VALUES(kind_seq.nextval,'도그비어','이연희','인천광역시 계양구 계산로 136','010-2016-2555','0900','2200',21);
INSERT INTO 유치원 VALUES(kind_seq.nextval,'언더독','정철','인천광역시 남동구 은봉로315번길 4 대창프라자','032-441-1120','0800','2400',23);
INSERT INTO 유치원 VALUES(kind_seq.nextval,'하이펫스','이성현','인천광역시 부평구 부평대로167번길 13','010-7767-1521','1100','2200',24);
INSERT INTO 유치원 VALUES(kind_seq.nextval,'몽이네행복한집','박정희','인천광역시 부평구 충선로161번길 6','070-483-3124','0000','2400',24);
INSERT INTO 보호자 (mem_id, mem_name, mem_add, mem_tel)
VALUES ('norae136', '정민수', '충청남도 천안시 동남구 가전리 처음처럼 301호', '010-1122-9587');
INSERT INTO 보호자 (mem_id, mem_name, mem_add, mem_tel)
VALUES ('gomgom', '김철수', '경기도 수원시 영통동 영통구 포스코 202-1102', '010-1595-3322');
INSERT INTO 보호자 (mem_id, mem_name, mem_add, mem_tel)
VALUES ('semariga3', '하진철', '경기도 평택시 고색동 길음빌라 602호', '010-1622-8426');
INSERT INTO 보호자 (mem_id, mem_name, mem_add, mem_tel)
VALUES ('hanzipeo', '강민숙', '경기도 수원시 망포동 그대가 512-908', '010-2655-2064');
INSERT INTO 보호자 (mem_id, mem_name, mem_add, mem_tel)
VALUES ('eatssu789', '한승훈', '서울특별시 강남구 서초동 현대아파트 15-703', '010-2335-7416');
INSERT INTO 보호자 (mem_id, mem_name, mem_add, mem_tel)
VALUES ('daddygom15', '윤경석', '대전광역시 은행동 영훈오피스텔 405호', '010-3498-5557');
INSERT INTO 보호자 (mem_id, mem_name, mem_add, mem_tel)
VALUES ('mommygom02', '김광자', '충청남도 천안시 동남구 병천면 미소지움 101-1203', '010-3315-4199');
INSERT INTO 보호자 (mem_id, mem_name, mem_add, mem_tel)
VALUES ('semari33', '권민경', '서울특별시 압구정동 현대아파트 103-702', '010-4859-1266');
INSERT INTO 보호자 (mem_id, mem_name, mem_add, mem_tel)
VALUES ('babygom641', '이예현', '광주광역시 동구 경양로217번길 92', '010-4141-9625');
INSERT INTO 보호자 (mem_id, mem_name, mem_add, mem_tel)
VALUES ('ddong2hae', '한지환', '광주광역시 서구 경열로 313-502', '010-5312-1002');
INSERT INTO 보호자 (mem_id, mem_name, mem_add, mem_tel)
VALUES ('skinny', '김유하', '경상남도 창원시 성산구 삼동로 앨라오피스텔 202호', '010-5020-3458');
INSERT INTO 보호자 (mem_id, mem_name, mem_add, mem_tel)
VALUES ('socute0113', '안준호', '강원도 동해시 전망대길 39', '010-6458-9991');
INSERT INTO 보호자 (mem_id, mem_name, mem_add, mem_tel)
VALUES ('bounce2', '주재은', '인천광역시 부평구 아트센트로 55', '010-6314-8596');
INSERT INTO 보호자 (mem_id, mem_name, mem_add, mem_tel)
VALUES ('jalhanda999', '조용', '전라북도 무주군 비들목길 152', '010-6998-2451');
INSERT INTO 보호자 (mem_id, mem_name, mem_add, mem_tel)
VALUES ('hanahamyeon', '배희선', '충청북도 청주시 청원구 장양2길 10-302', '010-7541-6200');
INSERT INTO 보호자 (mem_id, mem_name, mem_add, mem_tel)
VALUES ('grandmommy64', '최태환', '경기도 화성시 동탄문화센터로38 414-1301', '010-7115-7556');
INSERT INTO 보호자 (mem_id, mem_name, mem_add, mem_tel)
VALUES ('wand86', '김지웅', '충청남도 서산시 마룡심포길 61', '010-8549-2410');
INSERT INTO 보호자 (mem_id, mem_name, mem_add, mem_tel)
VALUES ('jaljalaa87', '곽다연', '울산광역시 중구 약사로 79', '010-8111-3445');
INSERT INTO 보호자 (mem_id, mem_name, mem_add, mem_tel)
VALUES ('hyewonny13', '양혜원', '경기도 성남시 분당구 장미로 앨리시움 504호', '010-9584-3215');
INSERT INTO 보호자 (mem_id, mem_name, mem_add, mem_tel)
VALUES ('dongjunny10', '김동준', '대구광역시 달서구 갈밭로4길 79', '010-9221-5415');
INSERT INTO 보호자 (mem_id, mem_name, mem_add, mem_tel)
VALUES ('sujinny11', '강수진', '부산광역시 해운대구 청사포로 우남퍼스트빌 105-1802', '010-9005-8585');
INSERT INTO 보호자 (mem_id, mem_name, mem_add, mem_tel)
VALUES ('jaehooo12', '조재호', '서울특별시 영등포구 당산로50가길 55', '010-9954-1665');
INSERT INTO 보호자 (mem_id, mem_name, mem_add, mem_tel)
VALUES ('daebak99', '조주석', '제주특별자치도 제주시 밤낭골길 81 101-908', '010-7859-4423');
INSERT INTO 보호자 (mem_id, mem_name, mem_add, mem_tel)
VALUES ('goodjob4', '전경민', '제주특별자치도 서귀포시 난고로 일리펜션 101호', '010-8365-1256');
INSERT INTO 보호자 (mem_id, mem_name, mem_add, mem_tel)
VALUES ('gamsayop2', '김지나', '경상북도 영덕군 매령길 77', '010-3027-1559');

INSERT INTO 이용내역 (kind_id, mem_id)
VALUES (1, 'gomgom');
INSERT INTO 이용내역 (kind_id, mem_id)
VALUES (15, 'hanzipeo');
INSERT INTO 이용내역 (kind_id, mem_id)
VALUES (16, 'semariga3');
INSERT INTO 이용내역 (kind_id, mem_id)
VALUES (25, 'grandmommy64');
INSERT INTO 이용내역 (kind_id, mem_id)
VALUES (4, 'hyewonny13');
INSERT INTO 이용내역 (kind_id, mem_id)
VALUES (14, 'daebak99');
INSERT INTO 이용내역 (kind_id, mem_id)
VALUES (12, 'goodjob4');
INSERT INTO 이용내역 (kind_id, mem_id)
VALUES (3, 'eatssu789');
INSERT INTO 이용내역 (kind_id, mem_id)
VALUES (13, 'semari33');
INSERT INTO 이용내역 (kind_id, mem_id)
VALUES (17, 'jaehooo12');
INSERT INTO 이용내역 (kind_id, mem_id)
VALUES (24, 'norae136');
INSERT INTO 이용내역 (kind_id, mem_id)
VALUES (2, 'mommygom02');
INSERT INTO 이용내역 (kind_id, mem_id)
VALUES (11, 'wand86');
INSERT INTO 이용내역 (kind_id, mem_id)
VALUES (18, 'hanahamyeon');
INSERT INTO 이용내역 (kind_id, mem_id)
VALUES (9, 'daddygom15');
INSERT INTO 이용내역 (kind_id, mem_id)
VALUES (8, 'babygom641');
INSERT INTO 이용내역 (kind_id, mem_id)
VALUES (5, 'ddong2hae');
INSERT INTO 이용내역 (kind_id, mem_id)
VALUES (19, 'skinny');
INSERT INTO 이용내역 (kind_id, mem_id)
VALUES (20, 'gamsayop2');
INSERT INTO 이용내역 (kind_id, mem_id)
VALUES (10, 'socute0113');
INSERT INTO 이용내역 (kind_id, mem_id)
VALUES (7, 'bounce2');
INSERT INTO 이용내역 (kind_id, mem_id)
VALUES (6, 'jalhanda999');
INSERT INTO 이용내역 (kind_id, mem_id)
VALUES (22, 'jaljalaa87');
INSERT INTO 이용내역 (kind_id, mem_id)
VALUES (23, 'dongjunny10');
INSERT INTO 이용내역 (kind_id, mem_id)
VALUES (21, 'sujinny11');
INSERT INTO 이용내역 (kind_id, mem_id)
VALUES (30, 'mommygom02');
INSERT INTO 이용내역 (kind_id, mem_id)
VALUES (29, 'daebak99');
INSERT INTO 이용내역 (kind_id, mem_id)
VALUES (26, 'socute0113');
INSERT INTO 이용내역 (kind_id, mem_id)
VALUES (28, 'semariga3');
INSERT INTO 이용내역 (kind_id, mem_id)
VALUES (27, 'jaehooo12');
INSERT INTO 이용내역 (kind_id, mem_id)
VALUES (15, 'babygom641');
INSERT INTO 이용내역 (kind_id, mem_id)
VALUES (28, 'skinny');
INSERT INTO 이용내역 (kind_id, mem_id)
VALUES (30, 'wand86');
INSERT INTO 이용내역 (kind_id, mem_id)
VALUES (19, 'daddygom15');
INSERT INTO 이용내역 (kind_id, mem_id)
VALUES (10, 'semari33');
INSERT INTO 이용내역 (kind_id, mem_id)
VALUES (2, 'norae136');

INSERT INTO 반려동물 (pet_id, pet_name, pet_age, pet_weight, pet_breed, pet_gender, mem_id)
VALUES (pet_seq.nextval, '가가', 10, 5, '비숑프리제', 'T', 'gamsayop2');
INSERT INTO 반려동물 (pet_id, pet_name, pet_age, pet_weight, pet_breed, pet_gender, mem_id)
VALUES (pet_seq.nextval, '하나', 7, 12, '웰시코기', 'W', 'skinny');
INSERT INTO 반려동물 (pet_id, pet_name, pet_age, pet_weight, pet_breed, pet_gender, mem_id)
VALUES (pet_seq.nextval, '두이', 15, 4, '비숑프리제', 'T', 'dongjunny10');
INSERT INTO 반려동물 (pet_id, pet_name, pet_age, pet_weight, pet_breed, pet_gender, mem_id)
VALUES (pet_seq.nextval, '나리타', 3, 6, '아비시니안', 'T', 'daebak99');
INSERT INTO 반려동물 (pet_id, pet_name, pet_age, pet_weight, pet_breed, pet_gender, mem_id)
VALUES (pet_seq.nextval, '삼순이', 8, 20, '보더콜리', 'T', 'daebak99');
INSERT INTO 반려동물 (pet_id, pet_name, pet_age, pet_weight, pet_breed, pet_gender, mem_id)
VALUES (pet_seq.nextval, '치타', 5, 8, '메인쿤', 'M', 'jalhanda999');
INSERT INTO 반려동물 (pet_id, pet_name, pet_age, pet_weight, pet_breed, pet_gender, mem_id)
VALUES (pet_seq.nextval, '유니', 3, 11, '보스턴테리어', 'W', 'hanahamyeon');
INSERT INTO 반려동물 (pet_id, pet_name, pet_age, pet_weight, pet_breed, pet_gender, mem_id)
VALUES (pet_seq.nextval, '초코', 3, 7, '퍼그', 'T', 'jaehooo12');
INSERT INTO 반려동물 (pet_id, pet_name, pet_age, pet_weight, pet_breed, pet_gender, mem_id)
VALUES (pet_seq.nextval, '치치', 1, 6, '제페니스스피츠', 'T', 'jaljalaa87');
INSERT INTO 반려동물 (pet_id, pet_name, pet_age, pet_weight, pet_breed, pet_gender, mem_id)
VALUES (pet_seq.nextval, '타루', 2, 2, '몰티즈', 'M', 'wand86');
INSERT INTO 반려동물 (pet_id, pet_name, pet_age, pet_weight, pet_breed, pet_gender, mem_id)
VALUES (pet_seq.nextval, '단지', 1, 7, '제페니스스피츠', 'M', 'bounce2');
INSERT INTO 반려동물 (pet_id, pet_name, pet_age, pet_weight, pet_breed, pet_gender, mem_id)
VALUES (pet_seq.nextval, '소리', 9, 12, '비글', 'T', 'hyewonny13');
INSERT INTO 반려동물 (pet_id, pet_name, pet_age, pet_weight, pet_breed, pet_gender, mem_id)
VALUES (pet_seq.nextval, '조이', 8, 4, '브리티시쇼트헤어', 'W', 'hanzipeo');
INSERT INTO 반려동물 (pet_id, pet_name, pet_age, pet_weight, pet_breed, pet_gender, mem_id)
VALUES (pet_seq.nextval, '키지', 4, 26, '래브라도리트리버', 'T', 'goodjob4');
INSERT INTO 반려동물 (pet_id, pet_name, pet_age, pet_weight, pet_breed, pet_gender, mem_id)
VALUES (pet_seq.nextval, '키조', 4, 24, '래브라도리트리버', 'T', 'goodjob4');
INSERT INTO 반려동물 (pet_id, pet_name, pet_age, pet_weight, pet_breed, pet_gender, mem_id)
VALUES (pet_seq.nextval, '코미', 3, 3, '몰티즈', 'W', 'grandmommy64');
INSERT INTO 반려동물 (pet_id, pet_name, pet_age, pet_weight, pet_breed, pet_gender, mem_id)
VALUES (pet_seq.nextval, '미로', 5,13, '시바이누', 'T', 'socute0113');
INSERT INTO 반려동물 (pet_id, pet_name, pet_age, pet_weight, pet_breed, pet_gender, mem_id)
VALUES (pet_seq.nextval, '쫑', 9, 10, '시바이누', 'T', 'socute0113');
INSERT INTO 반려동물 (pet_id, pet_name, pet_age, pet_weight, pet_breed, pet_gender, mem_id)
VALUES (pet_seq.nextval, '모리', 7, 18, '차이니즈샤페이', 'M', 'babygom641');
INSERT INTO 반려동물 (pet_id, pet_name, pet_age, pet_weight, pet_breed, pet_gender, mem_id)
VALUES (pet_seq.nextval, '아티', 6, 4, '러시안블루', 'M', 'daddygom15');
INSERT INTO 반려동물 (pet_id, pet_name, pet_age, pet_weight, pet_breed, pet_gender, mem_id)
VALUES (pet_seq.nextval, '아쵸', 5, 5, '시츄', 'T', 'semari33');
INSERT INTO 반려동물 (pet_id, pet_name, pet_age, pet_weight, pet_breed, pet_gender, mem_id)
VALUES (pet_seq.nextval, '비티', 2, 2, '치와와', 'W', 'semariga3');
INSERT INTO 반려동물 (pet_id, pet_name, pet_age, pet_weight, pet_breed, pet_gender, mem_id)
VALUES (pet_seq.nextval, '셀리', 3, 3, '샴', 'T', 'ddong2hae');
INSERT INTO 반려동물 (pet_id, pet_name, pet_age, pet_weight, pet_breed, pet_gender, mem_id)
VALUES (pet_seq.nextval, '부농이', 5, 5, '노르웨이숲고양이', 'T', 'gomgom');
INSERT INTO 반려동물 (pet_id, pet_name, pet_age, pet_weight, pet_breed, pet_gender, mem_id)
VALUES (pet_seq.nextval, '주주', 7, 3, '치와와', 'W', 'eatssu789');
INSERT INTO 반려동물 (pet_id, pet_name, pet_age, pet_weight, pet_breed, pet_gender, mem_id)
VALUES (pet_seq.nextval, '도도', 6, 4, '페르시안', 'W', 'norae136');
INSERT INTO 반려동물 (pet_id, pet_name, pet_age, pet_weight, pet_breed, pet_gender, mem_id)
VALUES (pet_seq.nextval, '미유', 8, 15, '비글', 'M', 'sujinny11');
INSERT INTO 반려동물 (pet_id, pet_name, pet_age, pet_weight, pet_breed, pet_gender, mem_id)
VALUES (pet_seq.nextval, '몽실이', 6, 5, '스코티시폴드', 'W', 'mommygom02');

INSERT INTO 반려동물병력사항 (med_his, pet_id)
VALUES ('없음', '1');
INSERT INTO 반려동물병력사항 (med_his, pet_id)
VALUES ('각막염', '2');
INSERT INTO 반려동물병력사항 (med_his, pet_id)
VALUES ('만성비염', '3');
INSERT INTO 반려동물병력사항 (med_his, pet_id)
VALUES ('없음', '4');
INSERT INTO 반려동물병력사항 (med_his, pet_id)
VALUES ('없음', '5');
INSERT INTO 반려동물병력사항 (med_his, pet_id)
VALUES ('기생충감염', '6');
INSERT INTO 반려동물병력사항 (med_his, pet_id)
VALUES ('유루증', '7');
INSERT INTO 반려동물병력사항 (med_his, pet_id)
VALUES ('방광염', '8');
INSERT INTO 반려동물병력사항 (med_his, pet_id)
VALUES ('만성비염', '9');
INSERT INTO 반려동물병력사항 (med_his, pet_id)
VALUES ('없음', '10');
INSERT INTO 반려동물병력사항 (med_his, pet_id)
VALUES ('요석증', '11');
INSERT INTO 반려동물병력사항 (med_his, pet_id)
VALUES ('유루증', '12');
INSERT INTO 반려동물병력사항 (med_his, pet_id)
VALUES ('전염성기관지염', '13');
INSERT INTO 반려동물병력사항 (med_his, pet_id)
VALUES ('없음', '14');
INSERT INTO 반려동물병력사항 (med_his, pet_id)
VALUES ('없음', '15');
INSERT INTO 반려동물병력사항 (med_his, pet_id)
VALUES ('요석증', '16');
INSERT INTO 반려동물병력사항 (med_his, pet_id)
VALUES ('없음', '17');
INSERT INTO 반려동물병력사항 (med_his, pet_id)
VALUES ('방광염', '18');
INSERT INTO 반려동물병력사항 (med_his, pet_id)
VALUES ('없음', '19');
INSERT INTO 반려동물병력사항 (med_his, pet_id)
VALUES ('톡소플마즈마 유산증', '20');
INSERT INTO 반려동물병력사항 (med_his, pet_id)
VALUES ('없음', '21');
INSERT INTO 반려동물병력사항 (med_his, pet_id)
VALUES ('유루증', '22');
INSERT INTO 반려동물병력사항 (med_his, pet_id)
VALUES ('톡소플마즈마 유산증', '23');
INSERT INTO 반려동물병력사항 (med_his, pet_id)
VALUES ('없음', '24');
INSERT INTO 반려동물병력사항 (med_his, pet_id)
VALUES ('요석증', '25');
INSERT INTO 반려동물병력사항 (med_his, pet_id)
VALUES ('요로결석증', '26');
INSERT INTO 반려동물병력사항 (med_his, pet_id)
VALUES ('없음', '27');
INSERT INTO 반려동물병력사항 (med_his, pet_id)
VALUES ('없음', '28');
INSERT INTO 반려동물병력사항 (med_his, pet_id)
VALUES ('유루증', '13');
INSERT INTO 반려동물병력사항 (med_his, pet_id)
VALUES ('방광염', '11');

INSERT INTO 교사 VALUES(teacher_seq.nextval,'이철수','010-1123-5316','3년','1600000','16/01/13',1);
INSERT INTO 교사 VALUES(teacher_seq.nextval,'이교사','010-4562-1216','1년','1400000','16/02/13',2);
INSERT INTO 교사 VALUES(teacher_seq.nextval,'이민아','010-1562-3663','2년','1500000','15/05/13',2);
INSERT INTO 교사 VALUES(teacher_seq.nextval,'김가인','010-1123-1234','4년','1600000','17/01/13',3);
INSERT INTO 교사 VALUES(teacher_seq.nextval,'이수민','010-3321-4321','5년','1800000','14/01/13',3);
INSERT INTO 교사 VALUES(teacher_seq.nextval,'김민우','010-4521-4563','4년','1600000','15/05/13',4);
INSERT INTO 교사 VALUES(teacher_seq.nextval,'김가은','010-1111-1111','3년','1500000','16/01/13',5);
INSERT INTO 교사 VALUES(teacher_seq.nextval,'김은실','010-1111-1112','2년','1600000','15/04/16',5);
INSERT INTO 교사 VALUES(teacher_seq.nextval,'김민희','010-1111-1113','1년','1450000','15/02/18',6);
INSERT INTO 교사 VALUES(teacher_seq.nextval,'홍상수','010-2223-3555','0년','1400000','16/07/13',6);
INSERT INTO 교사 VALUES(teacher_seq.nextval,'임소연','010-1321-9182','4년','1600000','15/01/16',7);
INSERT INTO 교사 VALUES(teacher_seq.nextval,'조현아','010-8823-9916','3년','1500000','16/09/13',8);
INSERT INTO 교사 VALUES(teacher_seq.nextval,'임현아','010-3919-1658','5년','1820000','16/07/22',9);
INSERT INTO 교사 VALUES(teacher_seq.nextval,'이미연','010-2223-1156','4년','1600000','16/08/05',9);
INSERT INTO 교사 VALUES(teacher_seq.nextval,'조경민','010-2346-5636','3년','1500000','16/01/13',10);
INSERT INTO 교사 VALUES(teacher_seq.nextval,'함은지','010-8954-1246','2년','1400000','15/01/13',10);
INSERT INTO 교사 VALUES(teacher_seq.nextval,'김민상','010-5569-5562','3년','1600000','16/05/15',11);
INSERT INTO 교사 VALUES(teacher_seq.nextval,'유민상','010-1563-5316','0년','1300000','15/09/16',12);
INSERT INTO 교사 VALUES(teacher_seq.nextval,'문세윤','010-1561-1561','3년','1600000','16/03/01',13);
INSERT INTO 교사 VALUES(teacher_seq.nextval,'유세윤','010-1123-1316','3년','1580000','16/08/22',13);
INSERT INTO 교사 VALUES(teacher_seq.nextval,'정가윤',  '02-446-8596','3년','1500000','15/03/15',14);
INSERT INTO 교사 VALUES(teacher_seq.nextval,'정종철',  '02-446-8596','5년','1800000','12/12/16',14);
INSERT INTO 교사 VALUES(teacher_seq.nextval,'허경환',  '02-445-5552','4년','1600000','15/11/22',15);
INSERT INTO 교사 VALUES(teacher_seq.nextval,'김기춘','010-8861-6624','2년','1400000','16/05/13',15);
INSERT INTO 교사 VALUES(teacher_seq.nextval,'허민호',  '02-445-5552','2년','1500000','16/01/13',16);
INSERT INTO 교사 VALUES(teacher_seq.nextval,'이유나','010-6623-9631','1년','1350000','15/05/16',16);
INSERT INTO 교사 VALUES(teacher_seq.nextval,'김삼순','010-1213-5926','1년','1300000','15/09/15',17);
INSERT INTO 교사 VALUES(teacher_seq.nextval,  '김훈','010-5621-5222','5년','1700000','14/09/30',17);
INSERT INTO 교사 VALUES(teacher_seq.nextval,'김가온','010-3232-5314','2년','1400000','16/10/16',18);
INSERT INTO 교사 VALUES(teacher_seq.nextval,'송시온','010-6699-2632','3년','1550000','16/04/28',19);
INSERT INTO 교사 VALUES(teacher_seq.nextval,'왕효진','010-2345-5432','2년','1410000','14/06/19',20);
INSERT INTO 교사 VALUES(teacher_seq.nextval,'정상수','010-2231-0778','3년','1420000','16/09/16',20);
INSERT INTO 교사 VALUES(teacher_seq.nextval,'권기범','010-0033-0011','3년','1450000','15/05/26',20);
INSERT INTO 교사 VALUES(teacher_seq.nextval,'이순신','010-3669-2430','3년','1500000','16/01/13',21);
INSERT INTO 교사 VALUES(teacher_seq.nextval,'장영실','010-9663-6558','3년','1600000','15/02/18',21);
INSERT INTO 교사 VALUES(teacher_seq.nextval,  '최영','010-1892-5316','3년','1420000','16/01/13',22);
INSERT INTO 교사 VALUES(teacher_seq.nextval,'이성계','010-2665-1589','3년','1400000','14/01/12',22);
INSERT INTO 교사 VALUES(teacher_seq.nextval,'이방원','010-0110-1987','3년','1500000','15/06/19',22);
INSERT INTO 교사 VALUES(teacher_seq.nextval,'성몽룡','010-5412-9302','1년','1300000','15/09/18',23);
INSERT INTO 교사 VALUES(teacher_seq.nextval,'김성룡','010-5564-8823','3년','1490000','16/01/13',24);
INSERT INTO 교사 VALUES(teacher_seq.nextval,'윤하경','010-5622-4865','2년','1400000','16/11/22',24);
INSERT INTO 교사 VALUES(teacher_seq.nextval, '서율', '010-2654-8792','3년','1500000','15/05/09',25);
INSERT INTO 교사 VALUES(teacher_seq.nextval,'홍가은','010-4632-1220','4년','1550000','15/06/01',25);
INSERT INTO 교사 VALUES(teacher_seq.nextval,'추남호','010-4532-5354','1년','1350000','15/08/16',26);
INSERT INTO 교사 VALUES(teacher_seq.nextval,'남궁민','010-5123-5510','3년','1600000','16/02/14',27);
INSERT INTO 교사 VALUES(teacher_seq.nextval,'남상미','010-9786-6697','2년','1400000','17/02/04',27);
INSERT INTO 교사 VALUES(teacher_seq.nextval,'이준호','010-2231-5316','3년','1800000','16/10/16',28);
INSERT INTO 교사 VALUES(teacher_seq.nextval,'김원해','010-8831-4526','2년','1600000','15/11/01',28);
INSERT INTO 교사 VALUES(teacher_seq.nextval,'이재준','010-1100-2222','4년','1650000','16/01/13',29);
INSERT INTO 교사 VALUES(teacher_seq.nextval,'김강현','010-0000-1111','1년','1350000','16/09/12',29);
INSERT INTO 교사 VALUES(teacher_seq.nextval,'선상태','010-0119-9916','0년','1250000','17/01/16',30);
INSERT INTO 교사 VALUES(teacher_seq.nextval,'류혜린','010-0112-0116','6년','1900000','16/09/19',30);


INSERT INTO 교사자격증 VALUES(1,'반려동물관리사');
INSERT INTO 교사자격증 VALUES(2,'반려동물관리사');
INSERT INTO 교사자격증 VALUES(3,'동물행동교정사');
INSERT INTO 교사자격증 VALUES(4,'반려동물관리사');
INSERT INTO 교사자격증 VALUES(4,'응급처치');
INSERT INTO 교사자격증 VALUES(5,'미용자격증');
INSERT INTO 교사자격증 VALUES(5,'반려동물관리사');
INSERT INTO 교사자격증 VALUES(6,'반려동물관리사');
INSERT INTO 교사자격증 VALUES(7,'동물행동교정사');
INSERT INTO 교사자격증 VALUES(8,'동물행동교정사');
INSERT INTO 교사자격증 VALUES(9,'미용자격증');
INSERT INTO 교사자격증 VALUES(10,'동물행동교정사');
INSERT INTO 교사자격증 VALUES(10,'응급처치');
INSERT INTO 교사자격증 VALUES(11,'반려동물관리사');
INSERT INTO 교사자격증 VALUES(12,'응급처치');
INSERT INTO 교사자격증 VALUES(13,'동물행동교정사');
INSERT INTO 교사자격증 VALUES(14,'미용자격증');
INSERT INTO 교사자격증 VALUES(14,'응급처치');
INSERT INTO 교사자격증 VALUES(15,'반려동물관리사');
INSERT INTO 교사자격증 VALUES(15,'동물행동교정사');
INSERT INTO 교사자격증 VALUES(16,'동물행동교정사');
INSERT INTO 교사자격증 VALUES(17,'반려동물관리사');
INSERT INTO 교사자격증 VALUES(17,'응급처치');
INSERT INTO 교사자격증 VALUES(18,'동물행동교정사');
INSERT INTO 교사자격증 VALUES(18,'응급처치');
INSERT INTO 교사자격증 VALUES(19,'미용자격증');
INSERT INTO 교사자격증 VALUES(19,'응급처치');
INSERT INTO 교사자격증 VALUES(20,'동물행동교정사');
INSERT INTO 교사자격증 VALUES(20,'응급처치');
INSERT INTO 교사자격증 VALUES(21,'동물행동교정사');
INSERT INTO 교사자격증 VALUES(22,'반려동물관리사');
INSERT INTO 교사자격증 VALUES(22,'응급처치');
INSERT INTO 교사자격증 VALUES(23,'미용자격증');
INSERT INTO 교사자격증 VALUES(24,'반려동물관리사');
INSERT INTO 교사자격증 VALUES(24,'응급처치');
INSERT INTO 교사자격증 VALUES(25,'반려동물관리사');
INSERT INTO 교사자격증 VALUES(26,'미용자격증');
INSERT INTO 교사자격증 VALUES(27,'응급처치');
INSERT INTO 교사자격증 VALUES(28,'동물행동교정사');
INSERT INTO 교사자격증 VALUES(28,'응급처치');
INSERT INTO 교사자격증 VALUES(29,'미용자격증');
INSERT INTO 교사자격증 VALUES(29,'반려동물관리사');
INSERT INTO 교사자격증 VALUES(30,'동물행동교정사');
INSERT INTO 교사자격증 VALUES(31,'미용자격증');
INSERT INTO 교사자격증 VALUES(32,'동물행동교정사');
INSERT INTO 교사자격증 VALUES(33,'반려동물관리사');
INSERT INTO 교사자격증 VALUES(34,'미용자격증');
INSERT INTO 교사자격증 VALUES(35,'미용자격증');
INSERT INTO 교사자격증 VALUES(36,'반려동물관리사');
INSERT INTO 교사자격증 VALUES(37,'동물행동교정사');
INSERT INTO 교사자격증 VALUES(38,'반려동물관리사');
INSERT INTO 교사자격증 VALUES(39,'반려동물관리사');
INSERT INTO 교사자격증 VALUES(39,'동물행동교정사');
INSERT INTO 교사자격증 VALUES(40,'반려동물관리사');
INSERT INTO 교사자격증 VALUES(41,'동물행동교정사');
INSERT INTO 교사자격증 VALUES(42,'미용자격증');
INSERT INTO 교사자격증 VALUES(43,'반려동물관리사');
INSERT INTO 교사자격증 VALUES(44,'미용자격증');
INSERT INTO 교사자격증 VALUES(45,'반려동물관리사');
INSERT INTO 교사자격증 VALUES(46,'반려동물관리사');
INSERT INTO 교사자격증 VALUES(47,'반려동물관리사');
INSERT INTO 교사자격증 VALUES(48,'응급처치');
INSERT INTO 교사자격증 VALUES(48,'동물행동교정사');
INSERT INTO 교사자격증 VALUES(49,'반려동물관리사');
INSERT INTO 교사자격증 VALUES(50,'반려동물관리사');
INSERT INTO 교사자격증 VALUES(51,'반려동물관리사');
INSERT INTO 교사자격증 VALUES(51,'동물행동교정사');
INSERT INTO 교사자격증 VALUES(52,'미용자격증');
INSERT INTO 교사자격증 VALUES(52,'반려동물관리사');

INSERT INTO 내부시설 VALUES(fac_seq.nextval,  '카페','1층','041-563-2300','0900','1800',1);
INSERT INTO 내부시설 VALUES(fac_seq.nextval,'용품점','1층','041-563-2300','0900','2000',1);
INSERT INTO 내부시설 VALUES(fac_seq.nextval,  '교실','1층','041-563-2300','1100','1900',1);
INSERT INTO 내부시설 VALUES(fac_seq.nextval,  '카페','1층','010-7525-8894','1000','1900',2);
INSERT INTO 내부시설 VALUES(fac_seq.nextval,  '호텔','2층','010-7525-8894','1100','1800',2);
INSERT INTO 내부시설 VALUES(fac_seq.nextval,'사무실','2층','010-7525-8894','0000','1900',2);
INSERT INTO 내부시설 VALUES(fac_seq.nextval,  '호텔','1층','041-523-5188','0900','2000',3);
INSERT INTO 내부시설 VALUES(fac_seq.nextval,  '교실','1층','041-523-5188','0900','2100',3);
INSERT INTO 내부시설 VALUES(fac_seq.nextval,  '사무실','1층','041-523-5188','1100','2000',3);
INSERT INTO 내부시설 VALUES(fac_seq.nextval,  '호텔','1층','010-2421-9524','1000','2000',4);
INSERT INTO 내부시설 VALUES(fac_seq.nextval,'사무실','1층','010-2421-9524','1000','2000',4);
INSERT INTO 내부시설 VALUES(fac_seq.nextval,  '교실','1층','041-556-0078','1100','2000',5);
INSERT INTO 내부시설 VALUES(fac_seq.nextval,'용품점','1층','041-556-0078','1100','1900',5);
INSERT INTO 내부시설 VALUES(fac_seq.nextval,'카페','1층','010-8406-8488','0000','1900',	6);
INSERT INTO 내부시설 VALUES(fac_seq.nextval,'호텔','1층','010-8406-8488','0800','1900',	6);
INSERT INTO 내부시설 VALUES(fac_seq.nextval,'호텔','1층','010-2236-4004','0900','1900',	7);
INSERT INTO 내부시설 VALUES(fac_seq.nextval,'교실','1층','010-2236-4004','1000','1900',	7);
INSERT INTO 내부시설 VALUES(fac_seq.nextval,'호텔','2층','010-4415-0456','0900','1800',	8);
INSERT INTO 내부시설 VALUES(fac_seq.nextval,'사무실','2층','010-4415-0456','0900','1800',8);
INSERT INTO 내부시설 VALUES(fac_seq.nextval,'사무실','2층','042-322-9445','0800','1700',9);
INSERT INTO 내부시설 VALUES(fac_seq.nextval,'카페','2층','042-322-9445','0900','1700',9);
INSERT INTO 내부시설 VALUES(fac_seq.nextval,'카페','2층','010-2356-4156','0900','1700',10);
INSERT INTO 내부시설 VALUES(fac_seq.nextval,'교실','2층','010-2356-4156','1000','1800',10);
INSERT INTO 내부시설 VALUES(fac_seq.nextval,'사무실','3층','02-548-0888','1100','1900',11);
INSERT INTO 내부시설 VALUES(fac_seq.nextval,'교실','3층','02-548-0888','0800','1900',11);
INSERT INTO 내부시설 VALUES(fac_seq.nextval,'용품점','2층','02-554-5999','1000','1900',12);
INSERT INTO 내부시설 VALUES(fac_seq.nextval,'카페','2층','02-554-5999','0900','1900',12);
INSERT INTO 내부시설 VALUES(fac_seq.nextval,'호텔','3층','02-554-5999','0800','1900',12);
INSERT INTO 내부시설 VALUES(fac_seq.nextval,'호텔','1층','02-544-0522','1100','1900',13);
INSERT INTO 내부시설 VALUES(fac_seq.nextval,'용품점','1층','02-544-0522','0900','2000',13);
INSERT INTO 내부시설 VALUES(fac_seq.nextval,'교실','1층','02-558-7050','0900','1900',14);
INSERT INTO 내부시설 VALUES(fac_seq.nextval,'용품점','1층','02-558-7050','1000','1900',14);
INSERT INTO 내부시설 VALUES(fac_seq.nextval,'교실','1층','010-3926-6230','0900','1800',15);
INSERT INTO 내부시설 VALUES(fac_seq.nextval,'사무실','2층','010-3926-6230','0900','1800',15);
INSERT INTO 내부시설 VALUES(fac_seq.nextval,'교실','1층','010-7170-8775','0800','1700',16);
INSERT INTO 내부시설 VALUES(fac_seq.nextval,'사무실','1층','010-7170-8775','0000','1700',16);
INSERT INTO 내부시설 VALUES(fac_seq.nextval,'사무실','1층','02-157-6125','0900','1700',17);
INSERT INTO 내부시설 VALUES(fac_seq.nextval,'호텔','1층','02-157-6125',	'1000','1800',17);
INSERT INTO 내부시설 VALUES(fac_seq.nextval,'호텔','2층','02-554-2010',	'1100','1900',18);
INSERT INTO 내부시설 VALUES(fac_seq.nextval,'용품점','2층','02-554-2010','0800','1900',18);
INSERT INTO 내부시설 VALUES(fac_seq.nextval,'호텔','1층','02-540-1955',	'1000','1900',19);
INSERT INTO 내부시설 VALUES(fac_seq.nextval,'교실','1층','02-540-1955',	'0900','1900',19);
INSERT INTO 내부시설 VALUES(fac_seq.nextval,'카페','2층','02-516-9650',	'0800','1900',20);
INSERT INTO 내부시설 VALUES(fac_seq.nextval,'교실','2층','02-516-9650',	'1100','1900',20);
INSERT INTO 내부시설 VALUES(fac_seq.nextval,'교실','1층','02-501-0204',	'0900','2000',21);
INSERT INTO 내부시설 VALUES(fac_seq.nextval,'용품점','1층','02-501-0204','0900','1900',21);
INSERT INTO 내부시설 VALUES(fac_seq.nextval,'카페','1층','032-361-0744','1000','1900',22);
INSERT INTO 내부시설 VALUES(fac_seq.nextval,'교실','1층','032-361-0744','0900','1800',22);
INSERT INTO 내부시설 VALUES(fac_seq.nextval,'용품점','1층','032-568-7757','0900','1800',23);
INSERT INTO 내부시설 VALUES(fac_seq.nextval,'호텔','2층','032-568-7757','0800','1700',23);
INSERT INTO 내부시설 VALUES(fac_seq.nextval,'교실','1층','032-421-3560','0000','1700',24);
INSERT INTO 내부시설 VALUES(fac_seq.nextval,'용품점','1층','032-421-3560','0900','1700',24);
INSERT INTO 내부시설 VALUES(fac_seq.nextval,'호텔','1층','032-432-0957','1000','1800',25);
INSERT INTO 내부시설 VALUES(fac_seq.nextval,'카페','1층','032-432-0957','1100','1900',25);
INSERT INTO 내부시설 VALUES(fac_seq.nextval,'호텔','1층','032-461-6021','0800','1900',26);
INSERT INTO 내부시설 VALUES(fac_seq.nextval,'교실','2층','032-461-6021','1000','1900',26);
INSERT INTO 내부시설 VALUES(fac_seq.nextval,'호텔','2층','010-2016-2555','0900','1900',27);
INSERT INTO 내부시설 VALUES(fac_seq.nextval,'카페','1층','010-2016-2555','0800','1900',27);
INSERT INTO 내부시설 VALUES(fac_seq.nextval,'용품점','1층','032-441-1120','1100','1900',28);
INSERT INTO 내부시설 VALUES(fac_seq.nextval,'교실','1층','032-441-1120','0900','2000',28);
INSERT INTO 내부시설 VALUES(fac_seq.nextval,'용품점','1층','010-7767-1521','0800','1900',29);
INSERT INTO 내부시설 VALUES(fac_seq.nextval,'교실','1층','010-7767-1521','1100','1900',29);
INSERT INTO 내부시설 VALUES(fac_seq.nextval,'교실','1층','070-483-3124','0900','2000',30);
INSERT INTO 내부시설 VALUES(fac_seq.nextval,'호텔','1층','070-483-3124','0900','2000',30);

INSERT INTO 셔틀버스 VALUES(0,1,NULL,NULL,NULL,0,'N');
INSERT INTO 셔틀버스 VALUES(0,2,NULL,NULL,NULL,0,'N');
INSERT INTO 셔틀버스 VALUES(0,3,NULL,NULL,NULL,0,'N');
INSERT INTO 셔틀버스 VALUES(0,4,NULL,NULL,NULL,0,'N');
INSERT INTO 셔틀버스 VALUES(0,5,NULL,NULL,NULL,0,'N');
INSERT INTO 셔틀버스 VALUES(0,6,NULL,NULL,NULL,0,'N');
INSERT INTO 셔틀버스 VALUES(0,7,NULL,NULL,NULL,0,'N');
INSERT INTO 셔틀버스 VALUES(0,8,NULL,NULL,NULL,0,'N');
INSERT INTO 셔틀버스 VALUES(0,9,NULL,NULL,NULL,0,'N');
INSERT INTO 셔틀버스 VALUES(0,10,NULL,NULL,NULL,0,'N');
INSERT INTO 셔틀버스 VALUES(bus_seq.nextval,11,'강남구 논현동',3000,'02-548-0888',10,'Y');
INSERT INTO 셔틀버스 VALUES(bus_seq.nextval,12,'강남구 역삼동',2000,'02-544-0888',7,'Y');
INSERT INTO 셔틀버스 VALUES(bus_seq.nextval,13,'강남구 논현동',3000,'010-5112-6523',8,'Y');
INSERT INTO 셔틀버스 VALUES(bus_seq.nextval,14,'강남구 테헤란로',3000,'02-558-7050',6,'Y');
INSERT INTO 셔틀버스 VALUES(bus_seq.nextval,15,'강남구 삼성동',0,'010-3929-6230',8,'Y');
INSERT INTO 셔틀버스 VALUES(bus_seq.nextval,16,'강남구 삼성동',0,'010-7170-8175',9,'Y');
INSERT INTO 셔틀버스 VALUES(bus_seq.nextval,17,'강남구 신사동',0,'02-157-6125',13,'Y');
INSERT INTO 셔틀버스 VALUES(bus_seq.nextval,18,'강남구 논현동',0,'010-4532-4532',12,'Y');
INSERT INTO 셔틀버스 VALUES(bus_seq.nextval,19,'강남구 신사동',2000,'02-540-1955',11,'Y');
INSERT INTO 셔틀버스 VALUES(bus_seq.nextval,20,'강남구 논현동',1000,'02-516-9650',9,'Y');
INSERT INTO 셔틀버스 VALUES(bus_seq.nextval,21,'강남구 논현동',0,'02-501-0204',10,'Y');
INSERT INTO 셔틀버스 VALUES(0,21,NULL,NULL,NULL,0,'N');
INSERT INTO 셔틀버스 VALUES(0,22,NULL,NULL,NULL,0,'N');
INSERT INTO 셔틀버스 VALUES(0,23,NULL,NULL,NULL,0,'N');
INSERT INTO 셔틀버스 VALUES(0,24,NULL,NULL,NULL,0,'N');
INSERT INTO 셔틀버스 VALUES(0,25,NULL,NULL,NULL,0,'N');
INSERT INTO 셔틀버스 VALUES(bus_seq.nextval,26,'남동구 무네미로',3000,'032-461-6021',11,'Y');
INSERT INTO 셔틀버스 VALUES(0,27,NULL,NULL,NULL,0,'N');
INSERT INTO 셔틀버스 VALUES(0,28,NULL,NULL,NULL,0,'N');
INSERT INTO 셔틀버스 VALUES(0,29,NULL,NULL,NULL,0,'N');
INSERT INTO 셔틀버스 VALUES(0,30,NULL,NULL,NULL,0,'N');

INSERT INTO 직원 VALUES(staff_seq.nextval,'홍길동',1000000,'010-9546-5652','16/05/13',1);
INSERT INTO 직원 VALUES(staff_seq.nextval,'이정재',1020000,'010-4652-1256','16/05/25',1);
INSERT INTO 직원 VALUES(staff_seq.nextval,'이철민', 900000,'010-6595-1456','17/03/01',1);
INSERT INTO 직원 VALUES(staff_seq.nextval,'김철수', 900000,'041-523-1124' ,'17/03/01',2);
INSERT INTO 직원 VALUES(staff_seq.nextval,'조정치', 990000,'010-2005-2017','17/04/22',2);
INSERT INTO 직원 VALUES(staff_seq.nextval,'방태양',1050000,'010-1451-5682','16/09/05',2);
INSERT INTO 직원 VALUES(staff_seq.nextval,'오민석', 900000,'010-9542-5651','17/04/31',3);
INSERT INTO 직원 VALUES(staff_seq.nextval,'박영희',1200000,'010-9931-2430','15/04/13',3);
INSERT INTO 직원 VALUES(staff_seq.nextval,'김아중',1200000,'010-1289-7102','14/08/13',3);
INSERT INTO 직원 VALUES(staff_seq.nextval,'조영수',1100000,'010-1234-5678','16/01/26',4);
INSERT INTO 직원 VALUES(staff_seq.nextval,'김상훈',1000000,'010-5623-1123','16/09/24',4);
INSERT INTO 직원 VALUES(staff_seq.nextval,'강석현', 910000,'010-5523-1208','17/05/23',4);
INSERT INTO 직원 VALUES(staff_seq.nextval,'김희철',1200000,'010-2345-6789','14/10/20',5);
INSERT INTO 직원 VALUES(staff_seq.nextval,'강민아', 900000,'010-6453-1288','17/03/20',5);
INSERT INTO 직원 VALUES(staff_seq.nextval,'김민우', 920000,'010-5689-5639','17/03/01',5);
INSERT INTO 직원 VALUES(staff_seq.nextval,'강호동',1200000,'010-3456-7890','14/10/13',6);
INSERT INTO 직원 VALUES(staff_seq.nextval,'강민'  ,990000,'010-2346-2430','16/11/13',6);
INSERT INTO 직원 VALUES(staff_seq.nextval,'김호식',900000,'010-3184-9933','17/01/13',6);
INSERT INTO 직원 VALUES(staff_seq.nextval,'박재범',1200000,'010-4567-8901','15/06/06',7);
INSERT INTO 직원 VALUES(staff_seq.nextval,'오성민',1010000,'010-4372-2633','16/06/06',7);
INSERT INTO 직원 VALUES(staff_seq.nextval,'김이정', 900000,'010-4567-8901','17/03/06',7);
INSERT INTO 직원 VALUES(staff_seq.nextval,'박재범',1100000,'010-5678-9012','16/02/02',8);
INSERT INTO 직원 VALUES(staff_seq.nextval,'송강호',1200000, '042-545-2629','15/02/22',8);
INSERT INTO 직원 VALUES(staff_seq.nextval,'이상호', 990000,'010-8893-4321','15/02/22',8);
INSERT INTO 직원 VALUES(staff_seq.nextval,'이수근',1100000,'010-6789-0123','16/09/01',9);
INSERT INTO 직원 VALUES(staff_seq.nextval,'김기훈', 900000,'010-2389-1528','17/03/22',9);
INSERT INTO 직원 VALUES(staff_seq.nextval,'김수훈', 890000,'010-2230-1628','17/04/13',9);
INSERT INTO 직원 VALUES(staff_seq.nextval,'김영철',1000000,'010-7890-1234','17/02/06',10);
INSERT INTO 직원 VALUES(staff_seq.nextval,'김철영', 800000,'010-4465-4245','17/03/07',10);
INSERT INTO 직원 VALUES(staff_seq.nextval,'김철민',1000000,'010-2190-1244','16/12/06',10);
INSERT INTO 직원 VALUES(staff_seq.nextval,'서장훈', 990000,'010-8901-2345','17/05/05',11);
INSERT INTO 직원 VALUES(staff_seq.nextval, '서훈' ,1000000,'010-8661-2452','16/09/05',11);
INSERT INTO 직원 VALUES(staff_seq.nextval,'장성민', 800000,'010-8231-1245','17/02/05',11);
INSERT INTO 직원 VALUES(staff_seq.nextval,'이성민', 950000,'010-9012-3456','17/02/01',12);
INSERT INTO 직원 VALUES(staff_seq.nextval,'김아라', 900000,'010-9124-6155','17/02/16',12);
INSERT INTO 직원 VALUES(staff_seq.nextval, '이훈' , 990000,'010-3431-3332','16/09/01',12);
INSERT INTO 직원 VALUES(staff_seq.nextval,'이정현', 940000,'010-0123-4567','17/02/12',13);
INSERT INTO 직원 VALUES(staff_seq.nextval,'현정훈', 920000,'010-0123-4567','17/01/12',13);
INSERT INTO 직원 VALUES(staff_seq.nextval,'김길동', 990000,'010-0123-4567','16/08/12',13);
INSERT INTO 직원 VALUES(staff_seq.nextval,'이정재',1050000,'011-1234-9876','16/08/15',14);
INSERT INTO 직원 VALUES(staff_seq.nextval,'이재명',1010000,'010-5562-6785','16/09/15',14);
INSERT INTO 직원 VALUES(staff_seq.nextval,'김아람', 900000,'010-9632-1235','16/10/15',14);
INSERT INTO 직원 VALUES(staff_seq.nextval,'김태희', 900000,'010-2389-1528','17/02/25',15);
INSERT INTO 직원 VALUES(staff_seq.nextval,'김철수',1100000,'010-5622-6528','15/09/01',15);
INSERT INTO 직원 VALUES(staff_seq.nextval,'김희태', 900000,'010-2539-1895','17/02/06',15);
INSERT INTO 직원 VALUES(staff_seq.nextval,'박은춘',1150000,'010-3819-1561','16/07/24',16);
INSERT INTO 직원 VALUES(staff_seq.nextval,  '박철', 900000,'010-9813-1641','16/09/01',16);
INSERT INTO 직원 VALUES(staff_seq.nextval,'박기찬',1000000,'010-3354-2220','16/12/16',16);
INSERT INTO 직원 VALUES(staff_seq.nextval,'박상진',1000000,'010-1232-5598','16/04/25',17);
INSERT INTO 직원 VALUES(staff_seq.nextval,'박진상', 900000,'010-1236-4459','16/06/21',17);
INSERT INTO 직원 VALUES(staff_seq.nextval,'이철민', 800000,'010-1333-6554','16/12/11',17);
INSERT INTO 직원 VALUES(staff_seq.nextval,'박상훈',1100000,'031-926-5124', '15/12/12',18);
INSERT INTO 직원 VALUES(staff_seq.nextval,'이명재',1000000,'010-6223-9185','16/03/12',18);
INSERT INTO 직원 VALUES(staff_seq.nextval,'임석민',1050000,'010-1652-5521','16/09/12',18);
INSERT INTO 직원 VALUES(staff_seq.nextval,'김민범',1020000,'010-9998-1282','16/08/09',19);
INSERT INTO 직원 VALUES(staff_seq.nextval,'김범재', 920000,'010-5523-5525','16/12/10',19);
INSERT INTO 직원 VALUES(staff_seq.nextval,'강하진',1100000,'010-9464-1132','16/09/11',19);
INSERT INTO 직원 VALUES(staff_seq.nextval,'조해동', 900000,'010-5565-9523','17/05/13',20);
INSERT INTO 직원 VALUES(staff_seq.nextval,'김승준',1000000,'010-1359-5545','16/05/25',20);
INSERT INTO 직원 VALUES(staff_seq.nextval,'채원기', 950000,'010-5320-6482','17/04/12',20);
INSERT INTO 직원 VALUES(staff_seq.nextval,'민경태', 950000,'010-9952-1288','17/04/22',21);
INSERT INTO 직원 VALUES(staff_seq.nextval,'김상민', 990000,'010-5568-1234','17/04/28',21);
INSERT INTO 직원 VALUES(staff_seq.nextval,'강민희',1200000,'010-6964-1258','14/11/01',21);
INSERT INTO 직원 VALUES(staff_seq.nextval,'민제윤', 980000,'010-1232-3358','17/03/08',22);
INSERT INTO 직원 VALUES(staff_seq.nextval,'강태준', 940000,'010-6532-8486','17/05/25',22);
INSERT INTO 직원 VALUES(staff_seq.nextval,'신소율',1010000,'010-1859-5662','16/12/06',22);
INSERT INTO 직원 VALUES(staff_seq.nextval,'이상민',1090000,'010-8282-8282','16/11/14',23);
INSERT INTO 직원 VALUES(staff_seq.nextval,'백기찬', 900000,'010-8216-5226','17/02/14',23);
INSERT INTO 직원 VALUES(staff_seq.nextval,'이태현', 880000,'010-6442-1562','17/05/14',23);
INSERT INTO 직원 VALUES(staff_seq.nextval,'이민호',1100000,'010-1577-1577','15/10/09',24);
INSERT INTO 직원 VALUES(staff_seq.nextval,'이시연',1000000,'010-4652-7856','16/05/09',24);
INSERT INTO 직원 VALUES(staff_seq.nextval,'이연기', 900000,'010-9982-6589','16/12/09',24);
INSERT INTO 직원 VALUES(staff_seq.nextval,'이민아',1000000,'010-4624-5512','16/06/25',25);
INSERT INTO 직원 VALUES(staff_seq.nextval,'이하민',1050000,'010-4465-1522','16/03/23',25);
INSERT INTO 직원 VALUES(staff_seq.nextval,'박사과', 900000,'010-8895-2212','16/12/14',25);
INSERT INTO 직원 VALUES(staff_seq.nextval,'정지훈',1030000,'010-1128-1561','16/06/11',26);
INSERT INTO 직원 VALUES(staff_seq.nextval,'정포도', 920000,'010-2254-6654','16/11/03',26);
INSERT INTO 직원 VALUES(staff_seq.nextval,'정화랑', 940000,'010-1156-7889','17/01/12',26);
INSERT INTO 직원 VALUES(staff_seq.nextval,'김태희', 900000,'010-2389-1528','17/05/25',27);
INSERT INTO 직원 VALUES(staff_seq.nextval,'김상중',1100000,'010-4231-5418','16/08/29',27);
INSERT INTO 직원 VALUES(staff_seq.nextval,'추사랑', 800000,'010-2217-5546','17/03/24',27);
INSERT INTO 직원 VALUES(staff_seq.nextval,'김태희', 900000,'010-2389-1528','17/05/25',28);
INSERT INTO 직원 VALUES(staff_seq.nextval,'김상중',1100000,'010-4231-5418','16/08/29',28);
INSERT INTO 직원 VALUES(staff_seq.nextval,'추사랑', 800000,'010-2217-5546','17/03/24',28);
INSERT INTO 직원 VALUES(staff_seq.nextval,'김태희', 900000,'010-2389-1528','17/05/25',29);
INSERT INTO 직원 VALUES(staff_seq.nextval,'김상중',1100000,'010-4231-5418','16/08/29',29);
INSERT INTO 직원 VALUES(staff_seq.nextval,'추사랑', 800000,'010-2217-5546','17/03/24',29);
INSERT INTO 직원 VALUES(staff_seq.nextval,'김태희', 900000,'010-2389-1528','17/05/25',30);
INSERT INTO 직원 VALUES(staff_seq.nextval,'김상중',1100000,'010-4231-5418','16/08/29',30);
INSERT INTO 직원 VALUES(staff_seq.nextval,'추사랑', 800000,'010-2217-5546','17/03/24',30);

INSERT INTO 개설하다 VALUES(1,'16/01/13',1 , 25000,1,30,4,'Y');
INSERT INTO 개설하다 VALUES(1,'16/02/13',2 ,20000,1,30,3,'Y');
INSERT INTO 개설하다 VALUES(2,'15/05/13',2 , 30000,1,6,5,'Y');
INSERT INTO 개설하다 VALUES(1,'17/01/13',3 , 25000,1,30,4,'Y');
INSERT INTO 개설하다 VALUES(4,'14/01/13',3 , 32000,1,5,4,'Y');
INSERT INTO 개설하다 VALUES(1,'15/05/13',4 , 30000,1,30,4,'Y');
INSERT INTO 개설하다 VALUES(1,'16/01/31',5 , 35000,1,30,4,'Y');
INSERT INTO 개설하다 VALUES(7,'15/04/16',5 , 100000,1,6,4,'Y');
INSERT INTO 개설하다 VALUES(1,'15/02/18',6 , 20000,1,30,4,'Y');
INSERT INTO 개설하다 VALUES(6,'16/07/13',6 , 28000,1,5,4,'Y');
INSERT INTO 개설하다 VALUES(1,'15/01/16',7 , 25000,1,30,4,'Y');
INSERT INTO 개설하다 VALUES(1,'16/09/13',8 , 26000,1,30,4,'Y');
INSERT INTO 개설하다 VALUES(1,'16/07/22',9 , 29000,1,30,4,'Y');
INSERT INTO 개설하다 VALUES(7,'16/08/05',9 , 120000,1,5,4,'Y');
INSERT INTO 개설하다 VALUES(1,'16/01/15',10, 30000,1,30,4,'Y');
INSERT INTO 개설하다 VALUES(5,'15/01/13',10, 20000,1,5,4,'Y');
INSERT INTO 개설하다 VALUES(1,'16/05/15',11, 35000,1,30,4,'Y');
INSERT INTO 개설하다 VALUES(1,'15/09/16',12, 35000,1,30,4,'Y');
INSERT INTO 개설하다 VALUES(1,'16/03/01',13, 30000,1,30,4,'Y');
INSERT INTO 개설하다 VALUES(7,'16/08/22',13, 32000,1,5,4,'Y');
INSERT INTO 개설하다 VALUES(1,'15/03/15',14, 33000,1,30,4,'Y');
INSERT INTO 개설하다 VALUES(3,'12/12/16',14, 36000,1,5,4,'Y');
INSERT INTO 개설하다 VALUES(1,'15/11/22',15, 33000,1,30,4,'Y');
INSERT INTO 개설하다 VALUES(4,'16/05/13',15, 25000,1,5,4,'Y');
INSERT INTO 개설하다 VALUES(1,'16/01/16',16, 20000,1,30,4,'Y');
INSERT INTO 개설하다 VALUES(5,'15/05/16',16, 29000,1,5,4,'Y');
INSERT INTO 개설하다 VALUES(6,'15/09/15',17, 30000,1,5,4,'Y');
INSERT INTO 개설하다 VALUES(1,'14/09/30',17, 23000,1,30,4,'Y');
INSERT INTO 개설하다 VALUES(1,'16/10/18',18, 30000,1,30,4,'Y');
INSERT INTO 개설하다 VALUES(1,'16/04/28',19, 36000,1,30,4,'Y');
INSERT INTO 개설하다 VALUES(1,'14/06/19',20, 30000,1,30,4,'Y');
INSERT INTO 개설하다 VALUES(7,'16/09/16',20, 130000,1,5,4,'Y');
INSERT INTO 개설하다 VALUES(2,'15/05/26',20, 40000,1,5,4,'Y');
INSERT INTO 개설하다 VALUES(1,'16/01/17',21, 30000,1,30,4,'Y');
INSERT INTO 개설하다 VALUES(5,'15/02/18',21, 20000,1,5,4,'Y');
INSERT INTO 개설하다 VALUES(1,'16/01/18',22, 26000,1,30,4,'Y');
INSERT INTO 개설하다 VALUES(4,'14/01/12',22, 26000,1,5,4,'Y');
INSERT INTO 개설하다 VALUES(7,'15/06/19',22, 110000,1,5,4,'Y');
INSERT INTO 개설하다 VALUES(1,'15/09/18',23, 25000,1,30,4,'Y');
INSERT INTO 개설하다 VALUES(1,'16/01/19',24, 20000,1,30,4,'Y');
INSERT INTO 개설하다 VALUES(2,'16/11/22',24, 30000,1,5,4,'Y');
INSERT INTO 개설하다 VALUES(1,'15/05/09',25, 20000,1,30,4,'Y');
INSERT INTO 개설하다 VALUES(3,'15/06/01',25, 40000,1,5,4,'Y');
INSERT INTO 개설하다 VALUES(1,'15/08/16',26, 20000,1,30,4,'Y');
INSERT INTO 개설하다 VALUES(1,'16/02/14',27, 20000,1,30,4,'Y');
INSERT INTO 개설하다 VALUES(5,'17/02/04',27, 50000,1,5,4,'Y');
INSERT INTO 개설하다 VALUES(1,'16/10/16',28, 25000,1,30,4,'Y');
INSERT INTO 개설하다 VALUES(4,'15/11/01',28, 23000,1,5,4,'Y');
INSERT INTO 개설하다 VALUES(1,'16/01/20',29, 30000,1,30,4,'Y');
INSERT INTO 개설하다 VALUES(6,'16/09/12',29, 35000,1,5,4,'Y');
INSERT INTO 개설하다 VALUES(1,'17/01/16',30, 36000,1,30,4,'Y');
INSERT INTO 개설하다 VALUES(5,'16/09/19',30, 40000,1,5,4,'Y');

INSERT INTO 관리하다 VALUES(1,1,'mon');
INSERT INTO 관리하다 VALUES(1,1,'tue');
INSERT INTO 관리하다 VALUES(1,1,'wed');
INSERT INTO 관리하다 VALUES(1,1,'thr');
INSERT INTO 관리하다 VALUES(1,1,'fri');
INSERT INTO 관리하다 VALUES(1,1,'sat');
INSERT INTO 관리하다 VALUES(2,2,'mon');
INSERT INTO 관리하다 VALUES(2,2,'tue');
INSERT INTO 관리하다 VALUES(2,2,'wed');
INSERT INTO 관리하다 VALUES(2,2,'thr');
INSERT INTO 관리하다 VALUES(2,2,'fri');
INSERT INTO 관리하다 VALUES(2,2,'sat');
INSERT INTO 관리하다 VALUES(3,3,'mon');
INSERT INTO 관리하다 VALUES(3,3,'tue');
INSERT INTO 관리하다 VALUES(3,3,'wed');
INSERT INTO 관리하다 VALUES(3,3,'thr');
INSERT INTO 관리하다 VALUES(3,3,'fri');
INSERT INTO 관리하다 VALUES(3,3,'sat');
INSERT INTO 관리하다 VALUES(4,4,'mon');
INSERT INTO 관리하다 VALUES(4,4,'tue');
INSERT INTO 관리하다 VALUES(4,4,'wed');
INSERT INTO 관리하다 VALUES(5,4,'thr');
INSERT INTO 관리하다 VALUES(5,4,'fri');
INSERT INTO 관리하다 VALUES(5,4,'sat');
INSERT INTO 관리하다 VALUES(5,5,'mon');
INSERT INTO 관리하다 VALUES(6,5,'tue');
INSERT INTO 관리하다 VALUES(6,5,'wed');
INSERT INTO 관리하다 VALUES(6,5,'thr');
INSERT INTO 관리하다 VALUES(6,5,'fri');
INSERT INTO 관리하다 VALUES(6,5,'sat');
INSERT INTO 관리하다 VALUES(6,6,'mon');
INSERT INTO 관리하다 VALUES(5,6,'tue');
INSERT INTO 관리하다 VALUES(5,6,'wed');
INSERT INTO 관리하다 VALUES(4,6,'thr');
INSERT INTO 관리하다 VALUES(4,6,'fri');
INSERT INTO 관리하다 VALUES(4,6,'sat');
INSERT INTO 관리하다 VALUES(7,7,'mon');
INSERT INTO 관리하다 VALUES(7,7,'tue');
INSERT INTO 관리하다 VALUES(7,7,'wed');
INSERT INTO 관리하다 VALUES(7,7,'thr');
INSERT INTO 관리하다 VALUES(7,7,'fri');
INSERT INTO 관리하다 VALUES(7,7,'sat');
INSERT INTO 관리하다 VALUES(8,8,'mon');
INSERT INTO 관리하다 VALUES(8,8,'tue');
INSERT INTO 관리하다 VALUES(8,8,'wed');
INSERT INTO 관리하다 VALUES(8,8,'thr');
INSERT INTO 관리하다 VALUES(8,8,'fri');
INSERT INTO 관리하다 VALUES(8,8,'sat');
INSERT INTO 관리하다 VALUES(9,9,'mon');
INSERT INTO 관리하다 VALUES(9,9,'tue');
INSERT INTO 관리하다 VALUES(9,9,'wed');
INSERT INTO 관리하다 VALUES(9,9,'thr');
INSERT INTO 관리하다 VALUES(9,9,'fri');
INSERT INTO 관리하다 VALUES(9,9,'sat');
INSERT INTO 관리하다 VALUES(10,10,'mon');
INSERT INTO 관리하다 VALUES(10,10,'tue');
INSERT INTO 관리하다 VALUES(10,10,'wed');
INSERT INTO 관리하다 VALUES(10,10,'thr');
INSERT INTO 관리하다 VALUES(11,10,'fri');
INSERT INTO 관리하다 VALUES(11,10,'sat');
INSERT INTO 관리하다 VALUES(11,11,'mon');
INSERT INTO 관리하다 VALUES(11,11,'tue');
INSERT INTO 관리하다 VALUES(11,11,'wed');
INSERT INTO 관리하다 VALUES(12,11,'thr');
INSERT INTO 관리하다 VALUES(12,11,'fri');
INSERT INTO 관리하다 VALUES(12,11,'sat');
INSERT INTO 관리하다 VALUES(13,12,'mon');
INSERT INTO 관리하다 VALUES(13,12,'tue');
INSERT INTO 관리하다 VALUES(13,12,'wed');
INSERT INTO 관리하다 VALUES(13,12,'thr');
INSERT INTO 관리하다 VALUES(14,12,'fri');
INSERT INTO 관리하다 VALUES(14,12,'sat');
INSERT INTO 관리하다 VALUES(14,13,'mon');
INSERT INTO 관리하다 VALUES(15,13,'tue');
INSERT INTO 관리하다 VALUES(15,13,'wed');
INSERT INTO 관리하다 VALUES(15,13,'thr');
INSERT INTO 관리하다 VALUES(15,13,'fri');
INSERT INTO 관리하다 VALUES(15,13,'sat');
INSERT INTO 관리하다 VALUES(16,14,'mon');
INSERT INTO 관리하다 VALUES(16,14,'tue');
INSERT INTO 관리하다 VALUES(16,14,'wed');
INSERT INTO 관리하다 VALUES(17,14,'thr');
INSERT INTO 관리하다 VALUES(17,14,'fri');
INSERT INTO 관리하다 VALUES(17,14,'sat');
INSERT INTO 관리하다 VALUES(17,15,'mon');
INSERT INTO 관리하다 VALUES(18,15,'tue');
INSERT INTO 관리하다 VALUES(18,15,'wed');
INSERT INTO 관리하다 VALUES(18,15,'thr');
INSERT INTO 관리하다 VALUES(18,15,'fri');
INSERT INTO 관리하다 VALUES(18,15,'sat');
INSERT INTO 관리하다 VALUES(19,16,'mon');
INSERT INTO 관리하다 VALUES(19,16,'tue');
INSERT INTO 관리하다 VALUES(19,16,'wed');
INSERT INTO 관리하다 VALUES(19,16,'thr');
INSERT INTO 관리하다 VALUES(20,16,'fri');
INSERT INTO 관리하다 VALUES(20,16,'sat');
INSERT INTO 관리하다 VALUES(20,17,'mon');
INSERT INTO 관리하다 VALUES(20,17,'tue');
INSERT INTO 관리하다 VALUES(21,17,'wed');
INSERT INTO 관리하다 VALUES(21,17,'thr');
INSERT INTO 관리하다 VALUES(21,17,'fri');
INSERT INTO 관리하다 VALUES(21,17,'sat');
INSERT INTO 관리하다 VALUES(22,18,'mon');
INSERT INTO 관리하다 VALUES(22,18,'tue');
INSERT INTO 관리하다 VALUES(22,18,'wed');
INSERT INTO 관리하다 VALUES(23,18,'thr');
INSERT INTO 관리하다 VALUES(23,18,'fri');
INSERT INTO 관리하다 VALUES(23,18,'sat');
INSERT INTO 관리하다 VALUES(23,19,'mon');
INSERT INTO 관리하다 VALUES(24,19,'tue');
INSERT INTO 관리하다 VALUES(24,19,'wed');
INSERT INTO 관리하다 VALUES(24,19,'thr');
INSERT INTO 관리하다 VALUES(24,19,'fri');
INSERT INTO 관리하다 VALUES(24,19,'sat');
INSERT INTO 관리하다 VALUES(25,20,'mon');
INSERT INTO 관리하다 VALUES(25,20,'tue');
INSERT INTO 관리하다 VALUES(25,20,'wed');
INSERT INTO 관리하다 VALUES(25,20,'thr');
INSERT INTO 관리하다 VALUES(26,20,'fri');
INSERT INTO 관리하다 VALUES(26,20,'sat');
INSERT INTO 관리하다 VALUES(26,21,'mon');
INSERT INTO 관리하다 VALUES(26,21,'tue');
INSERT INTO 관리하다 VALUES(27,21,'wed');
INSERT INTO 관리하다 VALUES(27,21,'thr');
INSERT INTO 관리하다 VALUES(27,21,'fri');
INSERT INTO 관리하다 VALUES(27,21,'sat');
INSERT INTO 관리하다 VALUES(28,22,'mon');
INSERT INTO 관리하다 VALUES(28,22,'tue');
INSERT INTO 관리하다 VALUES(28,22,'wed');
INSERT INTO 관리하다 VALUES(28,22,'thr');
INSERT INTO 관리하다 VALUES(29,22,'fri');
INSERT INTO 관리하다 VALUES(29,22,'sat');
INSERT INTO 관리하다 VALUES(29,23,'mon');
INSERT INTO 관리하다 VALUES(29,23,'tue');
INSERT INTO 관리하다 VALUES(30,23,'wed');
INSERT INTO 관리하다 VALUES(30,23,'thr');
INSERT INTO 관리하다 VALUES(30,23,'fri');
INSERT INTO 관리하다 VALUES(30,23,'sat');
INSERT INTO 관리하다 VALUES(31,24,'mon');
INSERT INTO 관리하다 VALUES(31,24,'tue');
INSERT INTO 관리하다 VALUES(31,24,'wed');
INSERT INTO 관리하다 VALUES(31,24,'thr');
INSERT INTO 관리하다 VALUES(32,24,'fri');
INSERT INTO 관리하다 VALUES(32,24,'sat');
INSERT INTO 관리하다 VALUES(32,25,'mon');
INSERT INTO 관리하다 VALUES(32,25,'tue');
INSERT INTO 관리하다 VALUES(33,25,'wed');
INSERT INTO 관리하다 VALUES(33,25,'thr');
INSERT INTO 관리하다 VALUES(33,25,'fri');
INSERT INTO 관리하다 VALUES(33,25,'sat');
INSERT INTO 관리하다 VALUES(34,26,'mon');
INSERT INTO 관리하다 VALUES(34,26,'tue');
INSERT INTO 관리하다 VALUES(34,26,'wed');
INSERT INTO 관리하다 VALUES(34,26,'thr');
INSERT INTO 관리하다 VALUES(34,26,'fri');
INSERT INTO 관리하다 VALUES(34,26,'sat'); 
INSERT INTO 관리하다 VALUES(35,27,'mon');
INSERT INTO 관리하다 VALUES(35,27,'tue');
INSERT INTO 관리하다 VALUES(35,27,'wed');
INSERT INTO 관리하다 VALUES(35,27,'thr');
INSERT INTO 관리하다 VALUES(35,27,'fri');
INSERT INTO 관리하다 VALUES(35,27,'sat');
INSERT INTO 관리하다 VALUES(36,28,'mon');
INSERT INTO 관리하다 VALUES(36,28,'tue');
INSERT INTO 관리하다 VALUES(36,28,'wed');
INSERT INTO 관리하다 VALUES(36,28,'thr');
INSERT INTO 관리하다 VALUES(36,28,'fri');
INSERT INTO 관리하다 VALUES(36,28,'sat');
INSERT INTO 관리하다 VALUES(37,29,'mon');
INSERT INTO 관리하다 VALUES(37,29,'tue');
INSERT INTO 관리하다 VALUES(37,29,'wed');
INSERT INTO 관리하다 VALUES(37,29,'thr');
INSERT INTO 관리하다 VALUES(38,29,'fri');
INSERT INTO 관리하다 VALUES(38,29,'sat');
INSERT INTO 관리하다 VALUES(38,30,'mon');
INSERT INTO 관리하다 VALUES(38,30,'tue');
INSERT INTO 관리하다 VALUES(38,30,'wed');
INSERT INTO 관리하다 VALUES(39,30,'thr');
INSERT INTO 관리하다 VALUES(39,30,'fri');
INSERT INTO 관리하다 VALUES(39,30,'sat');
INSERT INTO 관리하다 VALUES(40,31,'mon');
INSERT INTO 관리하다 VALUES(40,31,'tue');
INSERT INTO 관리하다 VALUES(40,31,'wed');
INSERT INTO 관리하다 VALUES(40,31,'thr');
INSERT INTO 관리하다 VALUES(41,31,'fri');
INSERT INTO 관리하다 VALUES(41,31,'sat');
INSERT INTO 관리하다 VALUES(42,32,'mon');
INSERT INTO 관리하다 VALUES(42,32,'tue');
INSERT INTO 관리하다 VALUES(42,32,'wed');
INSERT INTO 관리하다 VALUES(43,32,'thr');
INSERT INTO 관리하다 VALUES(43,32,'fri');
INSERT INTO 관리하다 VALUES(43,32,'sat');
INSERT INTO 관리하다 VALUES(44,33,'mon');
INSERT INTO 관리하다 VALUES(44,33,'tue');
INSERT INTO 관리하다 VALUES(44,33,'wed');
INSERT INTO 관리하다 VALUES(44,33,'thr');
INSERT INTO 관리하다 VALUES(45,33,'fri');
INSERT INTO 관리하다 VALUES(45,33,'sat');
INSERT INTO 관리하다 VALUES(45,34,'mon');
INSERT INTO 관리하다 VALUES(45,34,'tue');
INSERT INTO 관리하다 VALUES(46,34,'wed');
INSERT INTO 관리하다 VALUES(46,34,'thr');
INSERT INTO 관리하다 VALUES(46,34,'fri');
INSERT INTO 관리하다 VALUES(46,34,'sat');
INSERT INTO 관리하다 VALUES(47,35,'mon');
INSERT INTO 관리하다 VALUES(47,35,'tue');
INSERT INTO 관리하다 VALUES(47,35,'wed');
INSERT INTO 관리하다 VALUES(48,35,'thr');
INSERT INTO 관리하다 VALUES(48,35,'fri');
INSERT INTO 관리하다 VALUES(48,35,'sat');
INSERT INTO 관리하다 VALUES(48,36,'mon');
INSERT INTO 관리하다 VALUES(48,36,'tue');
INSERT INTO 관리하다 VALUES(49,36,'wed');
INSERT INTO 관리하다 VALUES(49,36,'thr');
INSERT INTO 관리하다 VALUES(49,36,'fri');
INSERT INTO 관리하다 VALUES(49,36,'sat');
INSERT INTO 관리하다 VALUES(50,37,'mon');
INSERT INTO 관리하다 VALUES(50,37,'tue');
INSERT INTO 관리하다 VALUES(50,37,'wed');
INSERT INTO 관리하다 VALUES(50,37,'thr');
INSERT INTO 관리하다 VALUES(51,37,'fri');
INSERT INTO 관리하다 VALUES(51,37,'sat');
INSERT INTO 관리하다 VALUES(51,38,'mon');
INSERT INTO 관리하다 VALUES(51,38,'tue');
INSERT INTO 관리하다 VALUES(52,38,'wed');
INSERT INTO 관리하다 VALUES(52,38,'thr');
INSERT INTO 관리하다 VALUES(52,38,'fri');
INSERT INTO 관리하다 VALUES(52,38,'sat');
INSERT INTO 관리하다 VALUES(53,39,'mon');
INSERT INTO 관리하다 VALUES(53,39,'tue');
INSERT INTO 관리하다 VALUES(53,39,'wed');
INSERT INTO 관리하다 VALUES(53,39,'thr');
INSERT INTO 관리하다 VALUES(54,39,'fri');
INSERT INTO 관리하다 VALUES(54,39,'sat');
INSERT INTO 관리하다 VALUES(54,40,'mon');
INSERT INTO 관리하다 VALUES(54,40,'tue');
INSERT INTO 관리하다 VALUES(55,40,'wed');
INSERT INTO 관리하다 VALUES(55,40,'thr');
INSERT INTO 관리하다 VALUES(55,40,'fri');
INSERT INTO 관리하다 VALUES(55,40,'sat');
INSERT INTO 관리하다 VALUES(56,41,'mon');
INSERT INTO 관리하다 VALUES(56,41,'tue');
INSERT INTO 관리하다 VALUES(56,41,'wed');
INSERT INTO 관리하다 VALUES(56,41,'thr');
INSERT INTO 관리하다 VALUES(57,41,'fri');
INSERT INTO 관리하다 VALUES(57,41,'sat');
INSERT INTO 관리하다 VALUES(57,42,'mon');
INSERT INTO 관리하다 VALUES(57,42,'tue');
INSERT INTO 관리하다 VALUES(58,42,'wed');
INSERT INTO 관리하다 VALUES(58,42,'thr');
INSERT INTO 관리하다 VALUES(58,42,'fri');
INSERT INTO 관리하다 VALUES(58,42,'sat');
INSERT INTO 관리하다 VALUES(59,43,'mon');
INSERT INTO 관리하다 VALUES(59,43,'tue');
INSERT INTO 관리하다 VALUES(59,43,'wed');
INSERT INTO 관리하다 VALUES(59,43,'thr');
INSERT INTO 관리하다 VALUES(60,43,'fri');
INSERT INTO 관리하다 VALUES(60,43,'sat');
INSERT INTO 관리하다 VALUES(60,44,'mon');
INSERT INTO 관리하다 VALUES(60,44,'tue');
INSERT INTO 관리하다 VALUES(61,44,'wed');
INSERT INTO 관리하다 VALUES(61,44,'thr');
INSERT INTO 관리하다 VALUES(61,44,'fri');
INSERT INTO 관리하다 VALUES(61,44,'sat');
INSERT INTO 관리하다 VALUES(62,45,'mon');
INSERT INTO 관리하다 VALUES(62,45,'tue');
INSERT INTO 관리하다 VALUES(62,45,'wed');
INSERT INTO 관리하다 VALUES(62,45,'thr');
INSERT INTO 관리하다 VALUES(63,45,'fri');
INSERT INTO 관리하다 VALUES(63,45,'sat');
INSERT INTO 관리하다 VALUES(63,46,'mon');
INSERT INTO 관리하다 VALUES(63,46,'tue');
INSERT INTO 관리하다 VALUES(64,46,'wed');
INSERT INTO 관리하다 VALUES(64,46,'thr');
INSERT INTO 관리하다 VALUES(64,46,'fri');
INSERT INTO 관리하다 VALUES(64,46,'sat');
INSERT INTO 관리하다 VALUES(65,47,'mon');
INSERT INTO 관리하다 VALUES(65,47,'tue');
INSERT INTO 관리하다 VALUES(65,47,'wed');
INSERT INTO 관리하다 VALUES(65,47,'thr');
INSERT INTO 관리하다 VALUES(66,47,'fri');
INSERT INTO 관리하다 VALUES(66,47,'sat');
INSERT INTO 관리하다 VALUES(66,48,'mon');
INSERT INTO 관리하다 VALUES(66,48,'tue');
INSERT INTO 관리하다 VALUES(67,48,'wed');
INSERT INTO 관리하다 VALUES(67,48,'thr');
INSERT INTO 관리하다 VALUES(67,48,'fri');
INSERT INTO 관리하다 VALUES(67,48,'sat');
INSERT INTO 관리하다 VALUES(68,49,'mon');
INSERT INTO 관리하다 VALUES(68,49,'tue');
INSERT INTO 관리하다 VALUES(68,49,'wed');
INSERT INTO 관리하다 VALUES(68,49,'thr');
INSERT INTO 관리하다 VALUES(69,49,'fri');
INSERT INTO 관리하다 VALUES(69,49,'sat');
INSERT INTO 관리하다 VALUES(69,50,'mon');
INSERT INTO 관리하다 VALUES(69,50,'tue');
INSERT INTO 관리하다 VALUES(70,50,'wed');
INSERT INTO 관리하다 VALUES(70,50,'thr');
INSERT INTO 관리하다 VALUES(70,50,'fri');
INSERT INTO 관리하다 VALUES(70,50,'sat');
INSERT INTO 관리하다 VALUES(71,51,'mon');
INSERT INTO 관리하다 VALUES(71,51,'tue');
INSERT INTO 관리하다 VALUES(71,51,'wed');
INSERT INTO 관리하다 VALUES(71,51,'thr');
INSERT INTO 관리하다 VALUES(72,51,'fri');
INSERT INTO 관리하다 VALUES(72,51,'sat');
INSERT INTO 관리하다 VALUES(72,52,'mon');
INSERT INTO 관리하다 VALUES(72,52,'tue');
INSERT INTO 관리하다 VALUES(73,52,'wed');
INSERT INTO 관리하다 VALUES(73,52,'thr');
INSERT INTO 관리하다 VALUES(73,52,'fri');
INSERT INTO 관리하다 VALUES(73,52,'sat');
INSERT INTO 관리하다 VALUES(74,53,'mon');
INSERT INTO 관리하다 VALUES(74,53,'tue');
INSERT INTO 관리하다 VALUES(74,53,'wed');
INSERT INTO 관리하다 VALUES(74,53,'thr');
INSERT INTO 관리하다 VALUES(75,53,'fri');
INSERT INTO 관리하다 VALUES(75,53,'sat');
INSERT INTO 관리하다 VALUES(75,54,'mon');
INSERT INTO 관리하다 VALUES(75,54,'tue');
INSERT INTO 관리하다 VALUES(76,54,'wed');
INSERT INTO 관리하다 VALUES(76,54,'thr');
INSERT INTO 관리하다 VALUES(76,54,'fri');
INSERT INTO 관리하다 VALUES(76,54,'sat');
INSERT INTO 관리하다 VALUES(77,55,'mon');
INSERT INTO 관리하다 VALUES(77,55,'tue');
INSERT INTO 관리하다 VALUES(77,55,'wed');
INSERT INTO 관리하다 VALUES(77,55,'thr');
INSERT INTO 관리하다 VALUES(78,55,'fri');
INSERT INTO 관리하다 VALUES(78,55,'sat');
INSERT INTO 관리하다 VALUES(78,56,'mon');
INSERT INTO 관리하다 VALUES(78,56,'tue');
INSERT INTO 관리하다 VALUES(79,56,'wed');
INSERT INTO 관리하다 VALUES(79,56,'thr');
INSERT INTO 관리하다 VALUES(79,56,'fri');
INSERT INTO 관리하다 VALUES(79,56,'sat');
INSERT INTO 관리하다 VALUES(80,57,'mon');
INSERT INTO 관리하다 VALUES(80,57,'tue');
INSERT INTO 관리하다 VALUES(80,57,'wed');
INSERT INTO 관리하다 VALUES(80,57,'thr');
INSERT INTO 관리하다 VALUES(81,57,'fri');
INSERT INTO 관리하다 VALUES(81,57,'sat');
INSERT INTO 관리하다 VALUES(81,58,'mon');
INSERT INTO 관리하다 VALUES(81,58,'tue');
INSERT INTO 관리하다 VALUES(82,58,'wed');
INSERT INTO 관리하다 VALUES(82,58,'thr');
INSERT INTO 관리하다 VALUES(82,58,'fri');
INSERT INTO 관리하다 VALUES(82,58,'sat');
INSERT INTO 관리하다 VALUES(83,59,'mon');
INSERT INTO 관리하다 VALUES(83,59,'tue');
INSERT INTO 관리하다 VALUES(83,59,'wed');
INSERT INTO 관리하다 VALUES(83,59,'thr');
INSERT INTO 관리하다 VALUES(84,59,'fri');
INSERT INTO 관리하다 VALUES(84,59,'sat');
INSERT INTO 관리하다 VALUES(84,60,'mon');
INSERT INTO 관리하다 VALUES(84,60,'tue');
INSERT INTO 관리하다 VALUES(85,60,'wed');
INSERT INTO 관리하다 VALUES(85,60,'thr');
INSERT INTO 관리하다 VALUES(85,60,'fri');
INSERT INTO 관리하다 VALUES(85,60,'sat');
INSERT INTO 관리하다 VALUES(86,61,'mon');
INSERT INTO 관리하다 VALUES(86,61,'tue');
INSERT INTO 관리하다 VALUES(86,61,'wed');
INSERT INTO 관리하다 VALUES(86,61,'thr');
INSERT INTO 관리하다 VALUES(87,61,'fri');
INSERT INTO 관리하다 VALUES(87,61,'sat');
INSERT INTO 관리하다 VALUES(87,62,'mon');
INSERT INTO 관리하다 VALUES(87,62,'tue');
INSERT INTO 관리하다 VALUES(88,62,'wed');
INSERT INTO 관리하다 VALUES(88,62,'thr');
INSERT INTO 관리하다 VALUES(88,62,'fri');
INSERT INTO 관리하다 VALUES(88,62,'sat');
INSERT INTO 관리하다 VALUES(88,63,'mon');
INSERT INTO 관리하다 VALUES(88,63,'tue');
INSERT INTO 관리하다 VALUES(88,63,'wed');
INSERT INTO 관리하다 VALUES(88,63,'thr');
INSERT INTO 관리하다 VALUES(89,63,'fri');
INSERT INTO 관리하다 VALUES(89,63,'sat');
INSERT INTO 관리하다 VALUES(89,64,'mon');
INSERT INTO 관리하다 VALUES(89,64,'tue');
INSERT INTO 관리하다 VALUES(90,64,'wed');
INSERT INTO 관리하다 VALUES(90,64,'thr');
INSERT INTO 관리하다 VALUES(90,64,'fri');
INSERT INTO 관리하다 VALUES(90,64,'sat');

INSERT INTO 담당하다 VALUES(1 ,1,'16/01/13'); 
INSERT INTO 담당하다 VALUES(2 ,1,'16/02/13');
INSERT INTO 담당하다 VALUES(3 ,2,'15/05/13');
INSERT INTO 담당하다 VALUES(4 ,1,'17/01/13');
INSERT INTO 담당하다 VALUES(5 ,4,'14/01/13');
INSERT INTO 담당하다 VALUES(6 ,1,'15/05/13');
INSERT INTO 담당하다 VALUES(7 ,1,'16/01/13');
INSERT INTO 담당하다 VALUES(8 ,7,'15/04/16');
INSERT INTO 담당하다 VALUES(9 ,1,'15/02/18');
INSERT INTO 담당하다 VALUES(10,6,'16/07/13');
INSERT INTO 담당하다 VALUES(11,1,'15/01/16');
INSERT INTO 담당하다 VALUES(12,1,'16/09/13');
INSERT INTO 담당하다 VALUES(13,1,'16/07/22');
INSERT INTO 담당하다 VALUES(14,7,'16/08/05');
INSERT INTO 담당하다 VALUES(15,1,'16/01/13');
INSERT INTO 담당하다 VALUES(16,5,'15/01/13');
INSERT INTO 담당하다 VALUES(17,1,'16/05/15');
INSERT INTO 담당하다 VALUES(18,1,'15/09/16');
INSERT INTO 담당하다 VALUES(19,1,'16/03/01');
INSERT INTO 담당하다 VALUES(20,7,'16/08/22');
INSERT INTO 담당하다 VALUES(21,1,'15/03/15');
INSERT INTO 담당하다 VALUES(22,3,'12/12/16');
INSERT INTO 담당하다 VALUES(23,1,'15/11/22');
INSERT INTO 담당하다 VALUES(24,4,'16/05/13');
INSERT INTO 담당하다 VALUES(25,1,'16/01/13');
INSERT INTO 담당하다 VALUES(26,5,'15/05/16');
INSERT INTO 담당하다 VALUES(27,6,'15/09/15');
INSERT INTO 담당하다 VALUES(28,1,'14/09/30');
INSERT INTO 담당하다 VALUES(29,1,'16/10/16');
INSERT INTO 담당하다 VALUES(30,1,'16/04/28');
INSERT INTO 담당하다 VALUES(31,1,'14/06/19');
INSERT INTO 담당하다 VALUES(32,7,'16/09/16');
INSERT INTO 담당하다 VALUES(33,2,'15/05/26');
INSERT INTO 담당하다 VALUES(34,1,'16/01/13');
INSERT INTO 담당하다 VALUES(35,5,'15/02/18');
INSERT INTO 담당하다 VALUES(36,1,'16/01/13');
INSERT INTO 담당하다 VALUES(37,4,'14/01/12');
INSERT INTO 담당하다 VALUES(38,7,'15/06/19');
INSERT INTO 담당하다 VALUES(39,1,'15/09/18');
INSERT INTO 담당하다 VALUES(40,1,'16/01/13');
INSERT INTO 담당하다 VALUES(41,2,'16/11/22');
INSERT INTO 담당하다 VALUES(42,1,'15/05/09');
INSERT INTO 담당하다 VALUES(43,3,'15/06/01');
INSERT INTO 담당하다 VALUES(44,1,'15/08/16');
INSERT INTO 담당하다 VALUES(45,1,'16/02/14');
INSERT INTO 담당하다 VALUES(46,5,'17/02/04');
INSERT INTO 담당하다 VALUES(47,1,'16/10/16');
INSERT INTO 담당하다 VALUES(48,4,'15/11/01');
INSERT INTO 담당하다 VALUES(49,1,'16/01/13');
INSERT INTO 담당하다 VALUES(50,6,'16/09/12');
INSERT INTO 담당하다 VALUES(51,1,'17/01/16');
INSERT INTO 담당하다 VALUES(52,5,'16/09/19');

INSERT INTO 등록하다 (kind_id, mem_id, pet_id, start_day, pay_do)
VALUES (1, 'mommygom02',28, 20170526, 'Y');
INSERT INTO 등록하다 (kind_id, mem_id, pet_id, start_day, pay_do)
VALUES (2, 'norae136',26, 20170520, 'Y');
INSERT INTO 등록하다 (kind_id, mem_id, pet_id, start_day, pay_do)
VALUES (3, 'gomgom',24, 20170501, 'Y');
INSERT INTO 등록하다 (kind_id, mem_id, pet_id, start_day, pay_do)
VALUES (4, 'ddong2hae',23, 20170526, 'N');
INSERT INTO 등록하다 (kind_id, mem_id, pet_id, start_day, pay_do)
VALUES (8, 'daddygom15',20, 20170430, 'Y');
INSERT INTO 등록하다 (kind_id, mem_id, pet_id, start_day, pay_do)
VALUES (9, 'hanzipeo',13, 20170302, 'Y');
INSERT INTO 등록하다 (kind_id, mem_id, pet_id, start_day, pay_do)
VALUES (11, 'jalhanda999',6, 20170524, 'N');
INSERT INTO 등록하다 (kind_id, mem_id, pet_id, start_day, pay_do)
VALUES (13, 'daebak99',4, 20170226, 'Y');
INSERT INTO 등록하다 (kind_id, mem_id, pet_id, start_day, pay_do)
VALUES (13, 'daebak99',5, 20170226, 'Y');
INSERT INTO 등록하다 (kind_id, mem_id, pet_id, start_day, pay_do)
VALUES (14, 'sujinny11',27, 20170302, 'Y');
INSERT INTO 등록하다 (kind_id, mem_id, pet_id, start_day, pay_do)
VALUES (14, 'bounce2',11, 20170414, 'Y');
INSERT INTO 등록하다 (kind_id, mem_id, pet_id, start_day, pay_do)
VALUES (16, 'semariga3',22, 20170222, 'Y');
INSERT INTO 등록하다 (kind_id, mem_id, pet_id, start_day, pay_do)
VALUES (19, 'eatssu789',25, 20170105, 'Y');
INSERT INTO 등록하다 (kind_id, mem_id, pet_id, start_day, pay_do)
VALUES (19, 'semari33',21, 20170308, 'Y');
INSERT INTO 등록하다 (kind_id, mem_id, pet_id, start_day, pay_do)
VALUES (20, 'goodjob4',14, 20170425, 'Y');
INSERT INTO 등록하다 (kind_id, mem_id, pet_id, start_day, pay_do)
VALUES (20, 'goodjob4',15, 20170425, 'Y');
INSERT INTO 등록하다 (kind_id, mem_id, pet_id, start_day, pay_do)
VALUES (23, 'hyewonny13',12, 20170113, 'Y');
INSERT INTO 등록하다 (kind_id, mem_id, pet_id, start_day, pay_do)
VALUES (25, 'jaljalaa87',9, 20170202, 'Y');
INSERT INTO 등록하다 (kind_id, mem_id, pet_id, start_day, pay_do)
VALUES (25, 'grandmommy64',16, 20170124, 'Y');
INSERT INTO 등록하다 (kind_id, mem_id, pet_id, start_day, pay_do)
VALUES (26, 'socute0113',17, 20170525, 'N');
INSERT INTO 등록하다 (kind_id, mem_id, pet_id, start_day, pay_do)
VALUES (26, 'socute0113',18, 20170525, 'N');
INSERT INTO 등록하다 (kind_id, mem_id, pet_id, start_day, pay_do)
VALUES (27, 'jaehooo12',8, 20170102, 'Y');
INSERT INTO 등록하다 (kind_id, mem_id, pet_id, start_day, pay_do)
VALUES (27, 'hanahamyeon',7, 20170102, 'Y');
INSERT INTO 등록하다 (kind_id, mem_id, pet_id, start_day, pay_do)
VALUES (28, 'wand86',10, 20170405, 'Y');
INSERT INTO 등록하다 (kind_id, mem_id, pet_id, start_day, pay_do)
VALUES (29, 'babygom641',19, 20170401, 'Y');
INSERT INTO 등록하다 (kind_id, mem_id, pet_id, start_day, pay_do)
VALUES (30, 'dongjunny10',3, 20170511, 'Y');
INSERT INTO 등록하다 (kind_id, mem_id, pet_id, start_day, pay_do)
VALUES (5, 'gamsayop2',1,20170324, 'Y');
INSERT INTO 등록하다 (kind_id, mem_id, pet_id, start_day, pay_do)
VALUES (8, 'skinny',2, 20170522, 'N');

INSERT INTO 셔틀버스시간 VALUES (1,11,'0900');
INSERT INTO 셔틀버스시간 VALUES (1,11,'1800');
INSERT INTO 셔틀버스시간 VALUES (2,12,'0800');
INSERT INTO 셔틀버스시간 VALUES (2,12,'1700');
INSERT INTO 셔틀버스시간 VALUES (3,13,'0730');
INSERT INTO 셔틀버스시간 VALUES (3,13,'1800');
INSERT INTO 셔틀버스시간 VALUES (4,14,'0800');
INSERT INTO 셔틀버스시간 VALUES (4,14,'1900');
INSERT INTO 셔틀버스시간 VALUES (5,15,'0900');
INSERT INTO 셔틀버스시간 VALUES (5,15,'2200');
INSERT INTO 셔틀버스시간 VALUES (6,16,'1730');
INSERT INTO 셔틀버스시간 VALUES (7,17,'1800');
INSERT INTO 셔틀버스시간 VALUES (8,18,'0800');
INSERT INTO 셔틀버스시간 VALUES (8,18,'2000');
INSERT INTO 셔틀버스시간 VALUES (9,19,'1400');
INSERT INTO 셔틀버스시간 VALUES (10,20,'2000');
INSERT INTO 셔틀버스시간 VALUES (11,21,'1000');
INSERT INTO 셔틀버스시간 VALUES (11,21,'0900');
INSERT INTO 셔틀버스시간 VALUES (12,26,'0900');
INSERT INTO 셔틀버스시간 VALUES (12,26,'2200');

INSERT INTO 수강하다 (pet_id, course_id, course_start)
VALUES (28, 1, 20170526);
INSERT INTO 수강하다 (pet_id, course_id, course_start)
VALUES (26, 1, 20170520);
INSERT INTO 수강하다 (pet_id, course_id, course_start)
VALUES (24, 1, 20170501);
INSERT INTO 수강하다 (pet_id, course_id, course_start)
VALUES (23, 1, 20170526);
INSERT INTO 수강하다 (pet_id, course_id, course_start)
VALUES (20, 1, 20170430);
INSERT INTO 수강하다 (pet_id, course_id, course_start)
VALUES (13, 1, 20170302);
INSERT INTO 수강하다 (pet_id, course_id, course_start)
VALUES (6, 1, 20170524);
INSERT INTO 수강하다 (pet_id, course_id, course_start)
VALUES (4, 1, 20170226);
INSERT INTO 수강하다 (pet_id, course_id, course_start)
VALUES (27, 1, 20170302);
INSERT INTO 수강하다 (pet_id, course_id, course_start)
VALUES (11, 3, 20170414);
INSERT INTO 수강하다 (pet_id, course_id, course_start)
VALUES (22, 5, 20170222);
INSERT INTO 수강하다 (pet_id, course_id, course_start)
VALUES (25, 1, 20170105);
INSERT INTO 수강하다 (pet_id, course_id, course_start)
VALUES (21, 1, 20170308);
INSERT INTO 수강하다 (pet_id, course_id, course_start)
VALUES (14, 7, 20170425);
INSERT INTO 수강하다 (pet_id, course_id, course_start)
VALUES (15, 7, 20170425);
INSERT INTO 수강하다 (pet_id, course_id, course_start)
VALUES (12, 1, 20170113);
INSERT INTO 수강하다 (pet_id, course_id, course_start)
VALUES (9, 3, 20170202);
INSERT INTO 수강하다 (pet_id, course_id, course_start)
VALUES (16, 1, 20170124);
INSERT INTO 수강하다 (pet_id, course_id, course_start)
VALUES (17, 1, 20170525);
INSERT INTO 수강하다 (pet_id, course_id, course_start)
VALUES (18, 1, 20170525);
INSERT INTO 수강하다 (pet_id, course_id, course_start)
VALUES (5, 7, 20170226);
INSERT INTO 수강하다 (pet_id, course_id, course_start)
VALUES (8, 5, 20170102);
INSERT INTO 수강하다 (pet_id, course_id, course_start)
VALUES (10, 4, 20170405);
INSERT INTO 수강하다 (pet_id, course_id, course_start)
VALUES (19, 6, 20170401);
INSERT INTO 수강하다 (pet_id, course_id, course_start)
VALUES (7, 1, 20170102);
INSERT INTO 수강하다 (pet_id, course_id, course_start)
VALUES (3, 1, 20170511);
INSERT INTO 수강하다 (pet_id, course_id, course_start)
VALUES (1, 7, 20170324);
INSERT INTO 수강하다 (pet_id, course_id, course_start)
VALUES (2, 1, 20170522);